success_rate,avg_attempts,avg_response_time,command_category,difficulty,streak,result
0.6156,7.56,12.71,5,3,-3,0
0.5,1.0,61.72,0,1,0,1
0.6186,9.59,29.09,2,2,0,1
0.3141,8.33,59.41,3,2,1,0
0.9025,9.14,56.65,5,0,3,1
0.2417,1.14,18.04,5,3,-2,0
0.7582,9.4,22.57,5,0,-1,1
0.3684,8.29,57.84,2,2,5,0
0.4327,8.53,15.9,2,0,-4,1
0.7204,1.84,27.54,0,3,0,1
0.8473,7.65,76.0,5,1,-2,1
0.1964,9.64,32.8,3,2,-1,0
0.5972,7.11,46.49,4,3,1,1
0.5379,6.14,85.0,5,0,0,0
0.249,9.51,24.31,0,2,2,0
0.6354,4.99,38.12,0,0,0,1
0.2658,6.39,56.55,3,0,4,1
0.5154,5.29,69.2,1,1,2,0
0.3815,9.4,81.64,0,0,-2,1
0.4381,1.68,82.82,2,0,1,1
0.4184,5.51,71.01,2,3,-3,0
0.6931,7.18,24.41,4,0,-5,0
0.26,8.13,7.11,0,1,3,0
0.5763,6.25,37.62,4,0,3,1
0.3918,9.18,17.03,0,0,0,1
0.4289,9.48,65.38,3,0,-4,1
0.5968,1.58,61.2,5,2,2,0
0.3554,4.62,8.74,0,1,4,1
0.4171,1.21,76.11,1,2,0,0
0.5063,3.96,26.14,2,1,1,1
0.2651,5.83,41.74,3,1,-5,1
0.3952,9.2,61.77,5,3,-3,1
0.5625,8.62,41.5,5,2,-5,0
0.1159,2.15,42.51,2,1,4,0
0.193,1.84,10.58,5,1,-5,0
0.4067,6.3,39.12,4,3,5,1
0.5606,5.79,70.01,3,2,-5,1
0.9068,3.4,82.79,1,0,-2,1
0.3985,9.1,40.15,2,3,1,0
0.1698,9.35,41.0,0,1,1,0
0.1391,4.62,64.72,0,2,-1,0
0.3971,9.01,85.14,0,1,0,1
0.848,4.46,27.7,3,3,-4,1
0.1482,7.63,42.41,1,3,-1,0
0.4117,5.28,72.66,5,2,1,0
0.5393,2.1,56.82,1,3,3,0
0.32,9.35,14.4,1,3,0,0
0.6965,5.09,58.36,2,0,4,1
0.6971,7.61,20.87,3,1,-2,1
0.1939,4.3,48.37,0,0,-3,1
0.5897,1.17,49.97,2,0,3,0
0.6113,1.9,79.48,5,2,1,1
0.4222,5.47,44.31,1,3,5,0
0.2797,7.21,28.75,0,1,0,0
0.7685,4.01,24.63,3,1,1,1
0.2103,7.26,79.31,4,1,2,0
0.335,7.29,19.54,1,3,-1,0
0.5994,7.34,41.2,1,1,-3,1
0.6788,5.43,20.91,1,1,-3,0
0.7901,9.23,70.73,1,3,-4,0
0.2903,5.4,45.32,0,2,2,1
0.7491,5.05,34.85,3,1,-5,1
0.5044,2.79,35.69,2,3,2,1
0.5002,3.77,77.44,0,0,-3,0
0.429,1.38,52.07,3,3,3,0
0.7566,6.7,66.02,2,0,5,1
0.1687,3.24,81.25,1,3,-4,0
0.1702,3.74,81.65,3,1,4,0
0.7951,7.94,32.92,1,2,3,0
0.6106,3.94,85.96,3,2,0,1
0.8412,3.18,7.11,5,1,-5,0
0.6959,2.52,37.03,4,0,-1,0
0.3875,7.97,81.14,1,3,4,1
0.7306,2.17,28.34,1,1,3,1
0.6519,5.08,28.21,1,3,0,0
0.3379,5.56,30.72,5,1,1,0
0.465,7.19,57.05,0,1,-2,0
0.2828,6.7,42.26,2,3,-5,0
0.8128,8.3,66.77,1,2,-1,1
0.9197,1.4,81.07,1,2,-4,1
0.912,3.67,62.31,0,0,2,1
0.2288,3.52,22.38,0,3,-2,0
0.591,2.31,84.28,4,0,-5,0
0.8989,3.6,27.48,3,1,4,1
0.3672,3.79,17.74,1,0,1,1
0.6761,5.7,12.65,3,1,5,1
0.2516,6.97,52.89,0,3,-4,0
0.5981,4.43,14.67,0,3,-3,0
0.4369,7.48,16.8,4,3,3,1
0.4736,4.03,30.5,2,3,3,0
0.6358,3.61,28.94,5,0,-4,1
0.5019,5.87,56.36,5,1,-3,0
0.7017,1.21,74.42,5,2,5,1
0.5851,1.72,69.71,0,3,3,0
0.1184,4.76,27.31,1,3,-5,0
0.5565,9.49,25.85,4,1,-4,0
0.6859,7.49,87.09,2,2,5,1
0.6878,1.79,5.7,5,3,-4,1
0.6848,8.62,79.78,4,2,4,1
0.6468,7.59,21.98,0,3,-3,0
0.3627,6.5,85.52,5,0,4,1
0.4875,8.38,34.1,2,0,-3,0
0.3904,4.64,42.43,3,2,4,1
0.6741,2.99,65.11,2,1,-4,0
0.5543,5.61,54.95,1,1,2,0
0.7233,5.94,32.02,5,0,2,1
0.4058,5.84,52.08,5,1,2,1
0.5397,6.09,67.11,3,1,-4,1
0.4148,9.54,8.6,3,1,3,1
0.8796,9.12,5.95,5,2,5,1
0.8856,8.88,43.94,1,2,1,0
0.1249,8.21,16.21,3,1,-1,0
0.2826,9.49,61.47,0,0,1,0
0.2404,1.89,23.19,5,1,2,1
0.0822,3.39,41.79,2,3,3,0
0.7658,5.46,21.8,2,0,-4,1
0.729,8.62,51.62,1,2,0,1
0.6959,5.55,14.86,0,3,3,1
0.6003,7.73,6.96,3,1,0,1
0.588,2.25,9.35,5,1,-4,0
0.8684,3.27,86.11,2,0,-5,1
0.4613,7.59,17.09,2,0,-3,0
0.233,2.48,65.22,2,1,5,0
0.659,4.16,10.77,2,1,-1,0
0.5456,3.38,14.19,4,0,1,1
0.168,4.15,48.25,1,3,4,0
0.3675,7.37,44.51,3,2,4,0
0.6027,4.31,85.88,5,0,-3,1
0.9043,6.0,85.31,5,3,3,0
0.4155,1.9,71.27,5,1,4,1
0.3133,8.25,56.18,3,2,-2,0
0.7508,4.33,43.67,1,3,4,1
0.3536,6.84,35.28,0,2,-4,0
0.103,7.53,85.5,1,2,-3,0
0.6514,2.89,56.25,2,2,-1,0
0.5621,8.96,54.22,2,3,-3,0
0.566,6.55,24.71,1,3,-1,0
0.7322,4.86,8.97,1,1,-2,1
0.6202,2.64,85.34,3,2,5,1
0.5824,9.48,31.67,3,0,4,1
0.4506,7.8,42.62,4,0,-3,1
0.3047,2.87,14.74,5,0,0,1
0.1123,4.04,76.14,4,3,2,0
0.6355,8.29,7.35,5,1,-2,1
0.545,7.26,75.89,2,3,3,1
0.3112,7.89,16.92,4,2,0,1
0.1479,4.97,80.36,4,0,-1,1
0.4629,7.45,67.03,0,3,-3,0
0.6818,4.48,19.0,1,0,-1,1
0.6479,2.9,53.09,3,3,-1,0
0.2654,6.69,31.58,4,0,-2,1
0.3879,9.78,20.15,3,2,0,0
0.2738,3.8,78.03,5,0,-3,0
0.1581,5.15,39.3,4,2,4,1
0.8946,7.07,38.88,5,2,-5,1
0.3568,5.87,19.44,4,3,1,1
0.7644,8.59,37.56,2,3,1,1
0.3625,7.86,79.09,0,3,-2,1
0.6407,1.52,35.87,5,2,3,0
0.6864,9.99,85.89,1,1,-4,1
0.5472,7.77,85.44,1,1,-5,0
0.6429,8.78,17.32,2,2,-3,1
0.6539,6.86,20.07,2,2,1,0
0.7053,8.71,78.33,1,3,3,0
0.2081,2.01,38.38,5,3,-4,0
0.2564,4.13,5.37,1,3,0,0
0.9577,8.89,28.28,0,1,-3,1
0.0981,2.81,55.8,4,1,-1,0
0.2829,1.7,72.94,0,2,3,1
0.5901,8.09,16.34,1,1,-3,1
0.6106,8.52,14.4,4,3,-5,0
0.7569,2.46,83.38,1,3,-1,1
0.6586,8.69,68.85,0,3,-5,0
0.7944,7.18,55.13,0,3,2,0
0.2929,5.68,70.38,5,3,1,1
0.056,8.47,41.45,5,0,5,1
0.7755,4.77,69.47,0,2,-4,1
0.3937,2.75,36.6,4,2,5,0
0.2632,3.56,25.75,5,1,3,0
0.8113,5.55,66.97,5,3,-1,1
0.313,5.78,40.67,3,0,1,1
0.331,8.25,88.42,3,3,-2,0
0.5561,8.12,34.71,5,3,-5,1
0.6821,6.23,83.35,1,1,2,1
0.5015,8.03,84.3,4,0,-5,1
0.78,2.73,25.56,2,0,-3,1
0.2291,1.45,72.85,5,2,0,1
0.7275,8.86,41.81,3,3,2,0
0.815,1.68,82.99,4,0,2,1
0.5655,3.22,43.26,4,2,-4,1
0.6054,7.26,68.27,3,0,3,1
0.2335,4.69,44.69,4,3,-2,0
0.9584,8.89,24.36,4,2,-2,1
0.3357,3.68,21.94,3,0,-4,1
0.4495,1.11,41.16,0,1,-5,1
0.8244,3.71,69.22,5,0,4,1
0.3114,6.2,56.43,1,3,1,1
0.5283,4.38,63.53,2,1,5,1
0.2537,5.81,29.0,1,0,4,1
0.6631,8.89,45.92,0,0,-3,1
0.8042,9.21,8.77,0,2,-2,0
0.2398,3.39,74.49,4,3,5,0
0.1215,5.16,89.14,1,0,3,1
0.0322,5.94,39.58,0,0,0,1
0.321,9.54,5.93,1,0,-5,0
0.4932,9.99,19.43,0,3,3,1
0.8784,3.12,60.46,2,1,3,1
0.5684,7.54,57.03,0,3,-1,0
0.5555,4.4,71.97,1,2,2,1
0.7353,1.07,26.58,4,2,1,0
0.5894,1.08,69.91,1,3,5,1
0.3808,5.15,63.48,3,0,2,1
0.3248,5.4,32.44,1,0,3,0
0.7308,1.2,51.37,2,1,-4,0
0.6981,7.18,17.52,5,3,4,0
0.169,3.65,43.47,2,3,-1,0
0.5547,6.04,79.9,2,0,2,1
0.3599,3.71,40.8,0,2,-3,0
0.7991,2.5,76.36,2,2,5,1
0.2392,4.66,55.17,1,1,5,0
0.726,3.09,21.31,5,1,0,1
0.8815,5.81,54.39,4,2,0,1
0.3766,2.79,48.01,2,3,1,0
0.4605,5.58,38.88,1,1,5,1
0.5619,2.42,15.17,0,0,-3,1
0.5396,7.04,40.42,0,3,2,1
0.154,7.79,11.18,4,0,2,1
0.3735,1.99,13.4,4,1,3,1
0.7465,5.21,40.35,1,2,2,1
0.4732,1.64,30.96,4,1,-3,1
0.8362,6.38,83.67,4,2,0,1
0.6908,3.38,36.93,0,3,3,1
0.3965,5.75,69.42,1,1,-5,1
0.3394,5.66,50.07,5,1,-3,0
0.2041,9.32,64.85,4,1,-4,0
0.2104,5.94,27.11,1,3,2,1
0.4706,6.25,85.06,2,0,0,0
0.4409,4.61,50.06,0,0,4,0
0.4494,9.54,75.66,5,2,5,1
0.7005,7.99,36.03,0,1,5,1
0.539,3.57,13.52,0,0,2,1
0.7107,8.6,62.27,3,3,-4,0
0.5242,4.89,5.66,1,1,5,0
0.4665,8.46,45.4,2,2,0,1
0.4958,8.41,21.39,4,0,1,1
0.3648,2.7,58.33,2,3,2,0
0.8402,7.31,88.25,1,3,3,1
0.3705,3.62,44.47,0,2,-1,1
0.596,3.68,74.49,3,0,5,1
0.3392,3.67,48.16,1,1,-3,1
0.8282,7.53,47.15,5,3,-4,1
0.2078,3.07,84.09,5,2,2,0
0.2832,1.01,80.65,1,3,-5,0
0.6778,7.44,71.79,4,3,4,1
0.5446,2.54,30.18,2,0,0,0
0.3667,1.94,51.33,2,0,-4,1
0.6449,3.14,24.03,4,1,-3,1
0.4598,4.42,42.73,3,3,2,1
0.3856,5.28,46.16,0,2,-5,0
0.3949,1.4,75.69,0,3,0,1
0.7584,9.74,81.16,5,2,-3,0
0.6428,7.44,40.24,3,3,0,1
0.6245,3.91,6.5,4,2,-3,0
0.5114,3.87,78.25,1,3,5,1
0.4674,5.04,19.81,2,3,5,0
0.3231,6.64,57.86,1,1,2,0
0.7947,2.32,7.12,2,0,-1,0
0.1943,2.7,38.96,1,0,-2,1
0.1402,8.73,88.81,4,2,3,0
0.6326,3.31,13.56,4,3,-1,0
0.4019,4.42,41.01,3,3,-2,0
0.8072,8.84,31.11,1,0,2,1
0.6673,6.97,81.93,1,2,2,1
0.4685,4.08,78.89,3,1,2,1
0.6763,7.15,25.2,3,1,-2,1
0.7465,1.18,11.9,4,1,-5,0
0.7404,7.62,58.31,4,3,-4,0
0.4469,5.38,33.59,5,2,-2,0
0.1631,8.32,62.13,1,0,4,1
0.0292,9.59,7.73,4,3,-4,0
0.7639,9.33,16.34,4,3,5,1
0.4914,9.18,63.34,1,1,4,1
0.2911,5.61,23.05,3,2,-3,0
0.5544,4.24,77.89,1,2,3,1
0.5785,5.19,9.98,0,1,3,1
0.5628,7.21,23.32,1,1,5,1
0.3748,8.96,89.88,0,1,3,0
0.6448,2.86,41.81,1,3,1,1
0.2365,9.26,64.75,0,3,-2,0
0.3959,8.34,20.53,0,3,-5,1
0.2765,9.81,56.84,1,0,-3,1
0.6686,8.92,66.72,5,0,2,1
0.3143,3.52,31.73,4,2,-2,0
0.1697,1.95,75.46,2,1,4,1
0.5722,2.01,56.29,4,1,4,1
0.5739,3.62,38.08,0,3,-4,0
0.2157,6.53,52.4,1,0,2,1
0.7014,8.24,54.02,1,1,1,1
0.4952,9.09,19.07,1,2,5,0
0.3783,6.61,39.23,1,1,4,1
0.0733,1.05,34.19,5,3,3,0
0.6351,2.68,39.08,2,3,-4,0
0.5536,1.9,69.69,3,0,-1,0
0.5618,4.27,46.02,0,2,0,0
0.6746,5.51,84.93,2,2,-4,1
0.1185,1.39,29.96,4,1,-4,0
0.4049,4.14,40.33,3,2,4,0
0.7801,2.61,71.89,3,1,-2,1
0.2331,6.82,51.41,1,1,2,0
0.5001,5.18,51.5,2,0,5,0
0.1754,5.46,9.53,4,2,-1,0
0.629,4.85,38.88,1,3,3,1
0.4932,9.6,28.01,1,1,-2,1
0.6417,2.93,89.94,5,1,-3,1
0.5939,5.65,31.21,0,1,4,1
0.8028,7.62,80.18,3,2,2,0
0.8446,6.01,62.48,4,2,-5,0
0.1504,9.36,33.98,3,2,3,0
0.5614,4.4,51.2,2,1,-2,1
0.8166,5.17,76.45,0,3,5,1
0.4878,1.8,80.09,1,3,3,1
0.8917,6.48,18.63,0,2,2,1
0.4269,3.59,33.86,1,3,-3,0
0.671,2.44,33.49,0,1,-3,1
0.8751,5.9,8.57,1,2,3,1
0.2402,5.79,55.85,3,2,-3,0
0.4628,1.68,77.66,3,1,-2,0
0.855,7.28,37.43,3,2,3,1
0.6711,6.61,67.9,3,1,-2,0
0.5903,2.7,58.35,0,2,5,1
0.7192,5.22,36.93,1,3,-3,0
0.5808,7.48,16.99,3,2,1,1
0.6246,5.76,65.29,0,2,0,0
0.5809,4.56,77.64,1,2,-5,1
0.3956,3.9,63.3,0,0,4,1
0.5305,6.49,6.52,5,3,2,0
0.9001,9.45,23.38,3,1,-5,1
0.3321,7.05,10.91,2,0,-2,1
0.7937,1.67,53.48,0,3,0,1
0.5386,5.15,69.3,3,2,0,1
0.6925,9.02,14.4,4,2,1,0
0.7298,1.85,76.26,1,1,5,1
0.6454,9.9,52.22,5,1,-1,1
0.4125,9.54,63.65,3,3,-1,1
0.8273,1.7,87.57,4,3,-2,0
0.7042,9.4,12.11,0,1,0,1
0.5673,4.27,81.6,0,3,1,0
0.5867,8.6,15.72,4,1,4,1
0.3517,4.77,38.4,5,2,4,0
0.6565,4.97,77.37,4,1,-5,0
0.8236,6.71,82.03,1,0,3,1
0.2814,7.97,48.04,0,1,2,1
0.3014,1.3,55.5,4,1,1,0
0.6521,6.34,65.19,2,0,3,1
0.31,2.68,75.78,2,0,-3,0
0.4761,4.11,15.33,4,0,4,1
0.4825,4.13,73.86,1,0,-2,0
0.3251,5.22,45.91,0,1,1,1
0.7478,4.01,43.3,2,3,0,1
0.6703,1.97,41.03,4,0,-4,1
0.5974,2.31,48.28,4,2,-4,1
0.4604,1.3,85.33,3,1,4,0
0.6418,5.23,51.6,4,3,1,0
0.0913,9.59,86.02,1,2,3,0
0.2308,2.04,20.32,2,1,5,0
0.535,9.52,66.55,3,1,3,1
0.4902,7.6,74.04,2,2,1,1
0.6254,6.74,62.73,2,0,5,1
0.5072,6.81,56.59,1,0,2,1
0.3557,8.44,53.01,4,2,4,1
0.7771,1.96,78.18,1,3,-3,0
0.4097,5.54,74.84,4,0,-5,1
0.4156,7.27,15.39,3,1,1,1
0.8993,6.28,77.13,1,1,2,1
0.1743,8.5,40.2,1,3,-4,0
0.4297,1.65,26.56,5,1,3,1
0.5607,7.22,78.93,0,0,-2,1
0.4096,5.81,41.72,1,3,4,0
0.3418,4.41,73.71,5,0,5,1
0.4639,4.06,27.39,0,3,3,0
0.3608,6.59,5.33,4,2,-3,1
0.7351,9.02,47.11,4,1,2,1
0.0541,5.47,13.52,4,3,5,0
0.5747,8.42,69.12,5,2,-4,0
0.4038,4.62,28.47,5,0,-3,1
0.5595,1.92,42.71,0,2,-5,0
0.6304,1.55,12.4,4,0,-1,1
0.2596,1.46,29.37,2,3,-2,0
0.5572,4.42,71.43,1,3,-5,1
0.1503,4.04,17.88,5,1,4,0
0.2011,7.46,60.01,5,1,3,0
0.6636,7.69,82.98,5,3,0,0
0.4305,1.46,62.79,0,0,0,1
0.8057,2.99,73.94,4,0,5,1
0.5197,3.47,14.26,2,3,-4,0
0.3984,5.93,26.31,1,0,1,1
0.4562,2.3,81.04,1,3,3,0
0.4034,2.21,65.78,4,1,0,1
0.3694,9.49,59.36,2,0,5,0
0.2334,8.24,61.42,0,1,2,0
0.6521,2.63,40.21,5,2,-1,1
0.6072,4.66,8.79,5,1,-4,1
0.7655,4.2,71.68,4,2,-2,1
0.5115,8.12,62.69,1,1,-5,1
0.7486,5.59,45.19,5,1,-5,1
0.4149,2.15,81.48,1,0,0,1
0.4593,7.65,33.57,1,1,-4,0
0.7958,4.57,30.02,4,3,0,1
0.6999,3.37,79.19,3,0,-5,1
0.6934,4.38,72.74,3,0,5,1
0.2041,5.48,48.77,3,0,4,1
0.5626,4.09,16.11,2,1,-3,0
0.737,3.18,23.28,4,0,3,1
0.6405,4.59,60.78,1,2,-4,1
0.6866,1.17,37.73,5,2,2,1
0.7895,7.95,76.1,2,1,0,1
0.2416,2.54,85.75,3,0,0,1
0.3962,1.4,73.48,0,3,1,1
0.8074,6.88,37.09,2,3,-1,1
0.6108,7.97,72.04,2,2,5,1
0.0872,8.32,34.87,4,1,-2,0
0.121,5.44,19.2,5,1,0,1
0.4387,2.85,7.84,2,1,2,0
0.5687,7.64,37.79,5,1,-2,1
0.3297,7.3,81.8,4,1,-1,0
0.4588,3.22,25.31,0,0,1,1
0.2903,9.13,22.55,1,0,0,0
0.5078,1.94,87.43,1,0,-2,1
0.1096,9.84,7.13,3,3,-2,0
0.6622,8.74,71.79,3,0,4,1
0.5457,7.19,32.32,0,1,-2,1
0.6205,9.45,8.19,1,1,-5,1
0.1229,7.5,83.01,3,3,-1,0
0.3959,2.71,16.87,5,3,2,1
0.8372,4.98,51.9,2,2,1,1
0.4505,1.64,28.29,4,3,-1,1
0.7118,4.51,10.54,3,2,-3,1
0.5047,7.67,9.24,0,0,5,1
0.3305,4.48,14.82,1,1,-5,0
0.9389,3.97,11.07,0,2,1,1
0.6377,6.36,69.65,4,2,5,0
0.8727,8.85,46.27,4,2,-3,1
0.2689,1.43,34.15,0,3,-2,0
0.1802,4.47,40.56,3,3,-1,1
0.6464,2.42,83.96,3,3,2,1
0.5519,7.26,82.41,1,2,1,0
0.4785,1.95,65.83,5,0,3,1
0.6623,6.98,80.2,1,1,5,1
0.4234,3.58,32.17,2,3,-3,0
0.3029,2.79,37.39,5,0,5,1
0.258,9.43,57.17,2,3,4,0
0.5364,1.17,58.01,1,3,-5,0
0.2774,4.94,45.94,5,2,-5,1
0.7884,1.19,39.06,5,2,4,1
0.6631,5.35,88.83,2,3,-5,0
0.7048,5.51,74.8,0,1,-4,0
0.8144,3.89,41.97,3,3,-4,1
0.6096,2.19,66.82,5,1,1,1
0.367,4.39,27.91,5,0,3,1
0.2223,7.05,13.51,2,3,2,1
0.5147,8.04,34.96,5,1,-2,0
0.2385,5.78,39.25,2,0,-4,0
0.2862,6.31,6.41,0,0,-3,1
0.2181,2.81,74.26,5,2,4,0
0.6582,3.59,35.53,4,0,-1,1
0.3978,2.46,54.34,1,2,3,0
0.5001,3.24,11.29,0,0,2,1
0.277,3.02,19.87,4,0,-3,0
0.3527,5.68,80.62,0,1,3,0
0.6717,6.06,56.74,3,1,4,1
0.163,9.5,85.77,0,2,-3,0
0.6674,2.76,89.89,0,3,4,0
0.7446,6.78,36.61,3,1,2,1
0.6435,8.36,30.4,5,0,-5,0
0.3065,6.04,77.96,1,2,-2,0
0.405,3.3,89.88,4,2,-2,0
0.2787,3.36,58.52,2,2,0,0
0.4208,1.35,72.59,1,0,-4,1
0.5684,3.75,71.45,0,1,1,0
0.609,7.7,35.2,2,3,-1,0
0.587,1.43,53.81,3,2,4,1
0.36,2.97,75.81,1,0,0,1
0.2928,7.36,63.49,5,1,5,1
0.781,8.04,6.8,4,1,0,0
0.6153,5.1,33.62,1,3,5,0
0.765,7.28,17.28,1,2,0,1
0.67,4.49,24.8,5,0,4,1
0.1644,2.44,81.97,2,1,2,1
0.7648,4.58,8.14,3,0,4,1
0.4533,6.22,23.68,5,1,-2,0
0.8332,9.53,31.31,3,2,4,1
0.3788,1.62,57.44,5,2,2,0
0.9812,5.57,50.4,1,3,3,1
0.528,3.96,23.55,3,1,-2,0
0.4667,5.57,18.96,2,0,-5,1
0.694,1.22,25.13,2,1,-3,0
0.1882,3.82,47.72,4,0,-5,1
0.2582,8.38,28.05,3,3,1,0
0.6484,5.99,85.55,4,1,-5,0
0.5593,5.06,44.43,5,2,5,1
0.2161,3.57,10.0,0,0,-2,1
0.8145,3.68,66.99,2,2,-5,1
0.5982,4.45,32.95,1,3,-4,0
0.4818,8.52,60.55,2,3,5,1
0.2005,9.7,28.77,0,0,-5,0
0.6508,4.95,53.51,1,1,-1,1
0.1562,4.54,70.63,3,2,1,0
0.6835,8.62,83.88,3,2,-3,1
0.2824,4.84,27.2,2,0,2,1
0.9551,5.97,33.46,1,0,-1,1
0.3745,3.08,44.46,5,0,-1,0
0.4828,7.69,83.81,1,3,-1,0
0.5991,5.79,81.62,4,3,2,1
0.344,8.28,12.64,0,2,-4,1
0.7798,8.03,16.21,3,1,-4,1
0.5459,2.94,47.12,2,0,2,1
0.1074,7.44,14.06,1,3,3,0
0.1686,8.2,34.37,3,1,5,0
0.8052,4.11,17.61,2,0,4,1
0.4298,2.55,59.06,3,1,4,0
0.4764,1.02,85.71,2,0,-4,1
0.4254,5.06,89.72,3,1,-2,1
0.3341,4.17,36.9,5,2,2,0
0.4781,5.99,55.92,4,0,-4,1
0.4197,2.69,77.78,0,0,-2,1
0.933,8.74,14.98,3,2,4,1
0.4497,3.32,63.61,0,0,-5,1
0.266,3.04,39.75,3,0,-4,1
0.5965,5.33,22.52,1,3,1,1
0.5577,5.49,39.23,4,2,-5,1
0.2237,2.94,11.46,5,3,-5,1
0.6828,3.45,64.11,4,2,-4,1
0.3983,2.53,26.48,0,1,-2,1
0.2289,7.47,31.47,1,2,1,0
0.5231,7.93,15.29,2,2,-2,0
0.4606,5.16,78.5,4,3,-1,0
0.0644,7.43,46.94,5,0,-2,0
0.8909,7.62,53.63,1,2,-2,0
0.3829,2.24,53.4,1,0,3,0
0.4254,9.7,39.89,0,2,0,0
0.4622,8.39,21.37,5,3,-3,0
0.634,2.84,68.34,1,2,0,1
0.6786,2.68,15.8,1,1,1,1
0.5748,2.13,13.83,2,2,1,0
0.064,2.25,65.36,0,2,2,0
0.1959,7.73,22.75,0,0,-2,0
0.6353,5.23,31.08,5,0,-5,1
0.4791,8.05,45.39,1,1,0,1
0.4907,7.72,43.19,2,2,2,0
0.6088,6.44,65.23,3,0,-1,1
0.5868,7.18,57.99,4,2,-3,1
0.6962,1.17,59.77,0,3,-2,1
0.4858,3.81,65.69,2,3,2,0
0.4647,6.74,29.87,5,1,0,1
0.4531,1.08,32.4,2,3,-1,0
0.5679,1.3,42.23,1,0,3,1
0.7029,8.67,31.13,4,0,4,1
0.5115,7.16,88.72,0,1,-3,1
0.8539,3.39,74.19,3,2,1,0
0.4229,7.19,19.0,1,0,3,1
0.9054,8.13,5.48,0,3,5,1
0.2244,3.76,8.64,5,0,5,0
0.3521,1.32,25.75,0,1,-2,0
0.113,9.4,14.71,2,3,4,1
0.2016,4.11,50.33,4,3,4,0
0.6377,1.96,77.93,3,3,-3,0
0.495,5.43,67.62,4,1,-5,0
0.6709,7.92,23.33,2,1,3,0
0.4359,2.99,38.94,3,2,-5,0
0.1856,3.43,48.17,3,2,-4,0
0.4053,3.18,73.87,1,2,3,0
0.7925,9.93,76.33,3,1,-1,0
0.3617,2.78,82.33,0,3,-2,0
0.5126,6.18,48.29,4,3,3,0
0.5913,9.33,64.01,5,0,3,1
0.0534,2.32,14.5,5,2,-4,0
0.4593,9.74,53.05,4,3,-3,0
0.4797,9.53,26.14,1,3,-3,0
0.4087,8.96,41.7,3,3,-1,0
0.3935,2.93,58.89,2,3,-3,1
0.6628,6.71,26.84,0,1,4,1
0.2094,7.85,9.44,1,2,0,1
0.8163,9.87,5.87,3,3,-4,0
0.8102,2.62,6.88,5,3,0,0
0.7453,7.89,5.71,2,3,0,1
0.1033,4.05,14.38,3,3,-4,0
0.3318,2.58,25.36,1,0,0,1
0.717,4.79,23.8,2,3,0,1
0.6699,8.14,88.88,2,3,0,0
0.7108,5.18,31.01,2,3,-1,0
0.4064,5.84,15.83,2,0,1,1
0.4995,9.96,51.37,3,1,-1,1
0.5135,4.59,77.93,2,0,5,1
0.2826,6.54,62.64,3,3,-5,0
0.5214,4.29,30.17,2,1,3,1
0.487,4.54,52.74,2,3,-3,0
0.2936,7.26,65.76,1,1,-4,0
0.8285,9.44,66.89,3,3,4,1
0.4607,5.88,61.66,5,3,0,0
0.3406,7.92,79.02,3,1,2,0
0.6116,1.8,78.96,4,1,-4,0
0.3987,2.9,54.21,5,3,-2,0
0.6161,5.52,41.54,1,0,-4,1
0.6771,1.18,59.53,3,0,3,0
0.7069,3.28,74.55,1,0,4,1
0.5722,5.66,5.48,5,0,-4,0
0.9046,1.13,89.32,1,1,4,1
0.915,3.38,20.55,1,1,-4,0
0.5345,5.63,44.97,0,0,-1,0
0.883,6.16,79.12,3,2,-1,1
0.5485,9.33,24.13,1,2,1,0
0.2942,6.81,45.53,0,2,-5,1
0.2437,4.73,16.27,0,3,-4,1
0.668,9.37,38.58,2,0,5,1
0.6452,8.06,20.06,2,3,5,1
0.763,2.8,35.91,5,1,0,1
0.6949,2.18,36.74,3,1,-4,0
0.2497,7.08,89.42,2,2,-2,0
0.3263,6.04,89.56,5,2,4,1
0.6003,8.11,14.76,3,1,0,0
0.9455,7.65,66.71,5,2,1,0
0.944,6.63,9.4,0,2,4,1
0.6482,9.88,7.57,0,1,-1,0
0.374,5.8,13.95,3,3,2,0
0.3214,2.02,87.07,5,2,0,1
0.3187,8.45,84.97,5,3,-1,0
0.2475,3.27,21.48,2,2,-2,0
0.8858,8.0,18.74,2,0,0,1
0.348,9.61,25.45,3,3,0,0
0.3786,7.27,48.82,4,3,0,0
0.8584,6.36,53.42,2,2,-5,1
0.1108,5.14,23.84,1,3,0,0
0.6595,4.28,69.31,2,0,-5,0
0.354,4.18,31.31,4,1,-1,1
0.4996,6.73,83.38,5,0,1,1
0.8235,7.76,60.82,0,1,-5,0
0.2328,7.11,42.09,0,0,-5,0
0.3271,2.79,72.14,5,0,0,0
0.1914,5.45,74.52,0,3,1,1
0.683,8.12,29.69,2,0,0,1
0.35,5.28,33.88,0,2,-1,1
0.8743,5.83,84.56,4,2,0,0
0.3773,7.94,19.0,4,2,-3,1
0.6415,6.95,8.58,2,2,3,0
0.1975,4.68,43.59,5,3,-1,0
0.5414,9.06,73.1,1,2,-4,0
0.6308,2.46,70.59,2,0,4,1
0.4434,9.96,83.16,0,2,4,0
0.3817,2.07,50.32,2,3,1,0
0.4752,1.13,13.51,4,1,-3,0
0.2311,9.01,55.04,2,0,-5,0
0.5809,3.2,71.16,2,0,-3,1
0.5469,7.57,12.93,1,3,3,0
0.0398,8.3,19.68,4,1,-1,0
0.5891,8.73,6.04,3,2,1,1
0.5701,9.92,55.46,3,1,-3,1
0.6504,3.65,80.37,4,0,-2,1
0.399,7.39,62.01,3,0,-5,0
0.5895,2.04,88.47,0,0,-3,1
0.1776,4.66,10.36,3,1,1,0
0.7854,8.63,81.76,0,2,-2,0
0.5829,4.31,74.2,4,0,-4,1
0.452,6.32,31.71,3,3,-1,1
0.3696,5.53,87.75,3,2,-1,0
0.5727,6.81,29.47,5,0,-4,0
0.6534,9.76,80.59,0,2,5,0
0.2461,1.5,79.86,0,3,0,0
0.7927,6.17,69.4,2,1,4,1
0.5258,8.77,52.89,1,0,-2,1
0.4407,5.33,15.2,3,3,-5,0
0.1408,1.71,50.22,5,0,-3,1
0.8356,6.04,35.33,1,0,3,1
0.4463,3.99,72.34,5,1,4,1
0.5366,2.39,69.44,1,1,1,1
0.4816,8.64,82.4,3,2,0,1
0.132,5.69,6.26,5,3,-5,0
0.7379,9.4,73.77,0,3,3,0
0.5299,8.25,84.77,2,1,3,1
0.3355,7.24,72.09,5,0,-5,0
0.5506,1.05,16.07,4,2,0,1
0.351,4.85,11.91,3,1,1,1
0.4777,2.78,6.77,3,2,-4,1
0.6366,9.2,58.44,4,2,4,1
0.3392,2.57,58.52,1,3,2,1
0.5048,3.57,88.89,2,2,2,0
0.8186,5.65,38.83,1,3,0,1
0.3345,3.37,33.21,4,0,3,1
0.3328,2.89,58.08,4,0,-3,0
0.429,6.39,75.18,2,1,-4,1
0.146,1.8,84.63,4,0,-4,0
0.8707,1.52,73.27,4,3,0,1
0.2572,4.35,41.27,5,2,1,1
0.8883,7.49,58.97,2,2,0,1
0.2044,5.99,77.79,3,0,5,0
0.5002,4.81,46.7,1,3,-3,1
0.5756,6.09,23.42,3,2,-1,1
0.5617,4.29,19.43,3,0,2,1
0.7032,9.43,5.01,5,3,0,1
0.4888,1.49,66.05,1,3,-4,0
0.4152,7.06,14.44,3,2,1,1
0.6367,9.02,25.73,2,1,2,0
0.6284,8.23,30.32,1,1,-2,1
0.4681,2.66,52.63,0,3,-5,0
0.7625,3.66,38.83,5,3,-4,0
0.4739,7.45,62.35,3,0,-2,0
0.5089,1.76,9.73,4,3,1,1
0.6392,8.31,15.53,1,0,-4,0
0.758,7.47,47.43,0,0,0,1
0.3003,7.57,33.64,4,0,-4,0
0.3563,1.9,30.14,0,3,1,0
0.7099,7.46,10.7,3,3,-4,0
0.7137,7.12,81.14,4,0,-3,0
0.7015,8.48,63.8,3,2,3,1
0.282,1.37,15.34,4,3,-2,0
0.5135,1.21,10.53,1,1,-1,0
0.1694,4.36,87.86,2,2,3,1
0.227,2.34,62.9,2,1,1,0
0.7622,6.03,40.48,0,3,2,0
0.8883,9.26,64.65,5,2,5,1
0.6301,4.52,69.29,4,3,-3,1
0.4959,8.6,71.3,3,3,5,1
0.3659,1.0,45.62,5,2,5,0
0.1098,2.52,41.54,1,3,-2,0
0.8954,1.27,5.94,1,2,1,0
0.7256,3.95,83.76,1,3,-2,0
0.3162,9.17,56.28,2,0,-4,0
0.5956,1.87,22.27,3,1,4,1
0.1862,6.46,83.17,1,0,0,1
0.5356,5.06,82.77,1,3,3,1
0.7095,9.45,89.08,0,3,-4,1
0.501,2.1,79.29,4,3,-5,0
0.5685,2.91,89.81,4,0,2,0
0.3202,1.27,25.8,4,3,-5,0
0.8406,4.91,76.59,5,2,-5,0
0.7378,3.5,74.96,0,1,-3,0
0.4375,8.83,24.63,2,3,-1,0
0.3656,6.44,13.37,5,3,3,0
0.8251,6.53,88.25,0,1,5,1
0.6149,5.79,30.16,1,1,4,1
0.4926,1.83,79.03,3,1,-4,1
0.1921,5.01,5.35,5,0,-5,0
0.3649,10.0,6.79,5,0,-5,0
0.79,8.52,44.6,1,3,2,1
0.0847,9.04,25.29,1,1,4,1
0.1153,8.41,63.64,3,3,4,0
0.3793,1.93,53.07,4,3,4,0
0.4255,3.05,11.59,5,3,-4,1
0.7948,1.03,18.82,0,0,3,1
0.3909,3.73,37.98,2,1,3,0
0.6217,1.98,20.78,1,3,-4,1
0.6455,5.26,72.34,1,0,-3,0
0.6358,7.09,40.37,2,2,-4,0
0.7315,8.87,12.94,0,2,0,1
0.6577,7.74,46.17,1,3,1,1
0.1656,9.45,12.72,2,3,0,0
0.458,1.49,15.96,1,1,-3,0
0.8383,1.11,25.37,4,1,-3,1
0.7733,6.95,78.06,4,3,-4,1
0.4411,3.6,83.59,1,0,-4,1
0.765,3.28,75.23,1,3,5,0
0.3715,3.98,33.4,4,1,-1,1
0.6021,3.43,28.16,1,1,5,1
0.4085,5.6,51.68,0,0,5,1
0.7754,4.96,66.36,0,3,2,1
0.5247,5.61,89.44,3,1,0,0
0.5779,7.05,16.18,0,3,3,0
0.185,4.48,9.19,5,1,5,1
0.7595,3.26,64.02,5,2,-1,1
0.4046,2.5,75.74,5,2,4,1
0.4321,4.15,76.94,1,2,-2,1
0.6174,7.68,62.67,1,1,3,0
0.8008,7.81,86.09,2,0,4,1
0.497,7.0,48.44,5,2,5,1
0.4017,3.11,82.67,5,1,-1,0
0.4562,6.29,87.26,0,3,-5,0
0.6358,6.14,77.01,4,2,-1,0
0.7099,5.36,31.33,4,0,-1,0
0.672,5.95,21.68,3,0,-1,1
0.3736,5.43,51.59,2,0,-4,0
0.7613,6.09,43.51,4,3,0,0
0.66,7.44,79.61,3,3,-1,1
0.6097,1.99,13.5,0,0,-4,1
0.6433,7.75,26.91,2,0,4,0
0.6259,2.22,68.9,2,0,2,0
0.6532,1.6,13.07,5,3,0,0
0.607,9.78,32.26,1,3,5,0
0.2116,9.61,37.91,5,1,4,1
0.1947,1.54,57.92,0,2,5,0
0.6965,4.99,18.44,5,3,-3,0
0.1606,2.68,78.15,2,0,3,0
0.3806,5.37,43.04,5,2,5,1
0.636,8.47,82.95,3,3,5,1
0.6859,9.56,44.77,5,2,-2,0
0.5643,6.71,28.38,4,1,-3,1
0.5131,4.19,17.06,0,3,1,1
0.346,6.43,5.32,0,0,2,1
0.9589,3.81,50.23,2,0,1,1
0.5841,9.19,14.11,5,1,-5,0
0.8829,8.83,38.3,2,1,-5,0
0.1229,6.02,55.09,2,1,-1,0
0.2047,3.92,28.43,3,1,2,0
0.4348,3.64,19.89,1,1,4,1
0.7301,1.3,70.85,2,3,5,0
0.5775,8.34,85.48,1,3,-3,0
0.3269,5.05,13.54,1,2,2,0
0.6668,3.93,18.23,0,1,-3,1
0.3292,5.24,86.6,4,0,-2,0
0.3359,8.37,8.21,4,0,4,1
0.312,2.12,88.1,5,1,1,1
0.4739,8.72,5.39,3,1,-3,1
0.437,9.08,79.26,3,1,-2,0
0.7277,9.52,31.12,4,1,2,1
0.1909,4.58,84.78,5,1,-2,0
0.4122,2.95,31.94,4,0,3,0
0.4194,4.36,60.62,5,2,-2,1
0.745,4.0,11.8,5,1,-2,1
0.648,2.59,25.6,5,1,-1,1
0.7851,6.47,70.76,5,1,-5,1
0.3213,5.29,49.94,0,3,1,0
0.8009,8.79,83.88,0,0,3,1
0.5856,1.29,41.44,4,0,3,0
0.3616,6.79,78.93,5,2,-5,0
0.2285,7.87,43.16,2,3,0,0
0.827,7.84,88.24,5,3,-3,0
0.3346,8.97,86.59,2,3,-2,0
0.4224,7.56,32.98,0,2,2,1
0.4088,9.35,80.3,5,2,-2,1
0.5774,3.99,77.05,1,2,2,1
0.285,5.53,22.91,4,3,-2,0
0.7824,1.13,58.06,5,0,3,1
0.4529,1.06,11.18,3,3,0,0
0.8713,3.16,76.12,2,2,-5,1
0.3977,1.91,19.84,5,3,4,1
0.6977,3.34,11.02,1,1,-4,1
0.189,2.59,39.02,2,3,1,0
0.7979,1.26,54.04,1,3,4,0
0.9009,9.18,77.67,4,0,1,1
0.0086,1.07,87.81,4,0,-3,0
0.4838,7.62,42.36,4,0,-5,1
0.4538,2.37,10.14,0,1,2,1
0.074,9.21,68.67,1,0,4,1
0.4299,9.04,53.04,5,1,5,1
0.3334,6.89,43.07,3,2,5,0
0.3404,7.05,31.29,3,0,4,1
0.7423,1.05,47.7,4,3,1,1
0.3308,9.86,33.79,3,3,4,1
0.8654,8.9,69.35,2,1,2,1
0.3118,9.06,51.23,1,0,-5,0
0.5909,6.93,79.53,1,3,-3,0
0.1509,4.1,51.2,1,2,-4,0
0.4197,9.04,25.25,2,0,-5,0
0.2886,3.62,77.34,5,2,-1,0
0.5367,6.06,52.36,0,3,-3,0
0.6689,1.9,22.58,2,0,4,1
0.4065,9.3,58.0,1,1,2,1
0.0987,2.27,35.41,1,3,0,0
0.4055,3.02,76.77,1,2,4,0
0.5729,6.02,43.53,5,0,3,1
0.2309,7.88,66.75,3,2,3,0
0.5823,6.57,13.12,0,2,5,1
0.1635,3.09,38.66,2,1,0,0
0.3011,1.01,88.58,1,1,-4,1
0.5246,7.81,73.72,4,3,3,0
0.4137,9.87,18.59,0,1,-4,1
0.6568,8.29,28.61,4,1,-3,0
0.0513,5.14,33.03,0,3,0,0
0.4898,9.13,60.28,1,3,-4,0
0.4273,4.69,69.34,0,3,-1,0
0.6366,5.72,68.71,0,3,-4,0
0.6058,5.29,48.34,1,2,-2,0
0.5011,5.03,73.92,5,2,5,1
0.6689,7.98,42.15,4,3,5,0
0.0206,5.74,15.53,5,3,-3,0
0.2247,3.85,52.98,4,0,-1,1
0.3005,3.32,85.95,3,0,0,0
0.678,1.34,72.4,4,0,1,1
0.5659,6.25,54.19,4,1,4,1
0.1425,3.07,59.98,0,2,2,0
0.4378,2.33,84.1,3,2,3,1
0.5742,6.88,41.41,1,0,-2,1
0.3233,7.13,33.17,1,0,-2,0
0.1504,7.77,88.07,2,2,1,0
0.3686,5.53,78.39,3,1,4,1
0.8711,9.05,32.46,0,0,4,1
0.9245,9.43,44.42,2,3,5,1
0.457,8.27,40.28,2,0,3,1
0.4328,6.72,17.67,1,2,5,0
0.5736,3.73,86.41,4,2,-4,0
0.5197,9.85,39.37,0,0,5,1
0.2248,3.47,79.4,3,0,0,1
0.1847,2.82,21.1,2,3,4,0
0.7494,4.98,51.57,0,3,4,0
0.1709,1.51,7.04,1,1,2,1
0.8674,9.81,69.96,2,1,-1,1
0.1021,6.3,54.38,2,3,-1,0
0.8663,6.01,58.18,5,1,2,1
0.375,6.9,9.4,1,1,-5,1
0.082,5.47,22.94,5,0,0,0
0.7218,1.29,11.32,1,3,4,1
0.5527,6.51,29.56,1,0,3,0
0.5398,7.45,58.33,5,0,0,0
0.4589,4.75,53.13,0,1,1,1
0.4438,7.82,57.03,0,0,-2,0
0.3223,3.04,51.69,0,2,4,0
0.4283,2.99,28.21,4,1,-5,0
0.5257,2.45,25.78,2,2,3,0
0.1532,4.35,16.65,0,1,0,0
0.6659,8.62,77.17,4,0,-3,0
0.3147,8.45,57.4,2,1,-2,0
0.0736,4.45,20.85,0,2,4,0
0.4259,6.3,20.06,1,1,0,1
0.5203,7.49,79.21,3,2,0,1
0.3041,3.17,68.13,0,3,3,1
0.2514,2.51,61.05,3,0,-2,1
0.1705,9.75,39.58,0,2,-1,0
0.4018,6.56,27.27,1,3,-1,1
0.2154,9.83,88.25,3,0,-3,1
0.2954,4.04,72.77,4,3,-4,0
0.2639,7.33,30.65,1,2,2,0
0.1751,3.0,77.04,3,0,4,0
0.7927,3.35,69.51,3,3,3,0
0.3902,5.61,30.25,5,2,4,1
0.848,3.88,41.26,5,3,5,1
0.3498,2.51,20.81,1,0,3,1
0.6747,3.37,14.44,1,0,-1,0
0.742,1.32,66.43,1,0,5,1
0.8122,7.34,27.74,2,2,3,1
0.5555,5.43,74.71,4,3,-2,1
0.3854,1.85,89.63,0,3,-4,0
0.5463,2.55,11.51,5,2,-3,1
0.5374,1.92,45.21,3,0,-5,1
0.2985,6.51,73.18,5,1,-1,0
0.4599,1.85,72.06,0,0,-5,0
0.2984,7.79,69.6,1,1,5,0
0.798,1.18,34.66,5,0,-5,1
0.1005,3.24,43.58,4,2,5,0
0.5126,9.02,55.57,4,1,5,0
0.2545,7.47,87.78,2,2,1,0
0.5408,1.66,32.84,5,1,-4,0
0.3948,8.39,83.47,1,3,2,0
0.3993,5.44,27.9,3,1,0,0
0.3826,8.62,89.07,2,1,-2,1
0.4019,6.41,61.97,1,1,3,1
0.598,7.14,44.4,2,3,4,1
0.5324,9.94,57.14,5,2,2,0
0.7507,3.09,28.17,0,3,4,0
0.3194,6.62,28.3,5,1,-3,1
0.5295,5.14,14.65,1,0,-3,1
0.6401,1.36,14.69,3,3,-2,0
0.3799,1.13,34.55,3,0,3,1
0.8621,2.07,69.84,1,3,3,1
0.5278,6.84,56.68,2,3,-1,1
0.7538,6.1,13.72,4,1,3,1
0.4246,5.98,77.44,1,2,0,0
0.0794,1.29,56.12,5,2,2,0
0.7494,5.22,86.67,3,1,5,1
0.4734,9.32,61.97,0,3,2,0
0.8026,4.58,19.89,3,2,4,1
0.4501,6.62,45.27,4,2,1,1
0.7311,8.02,60.12,3,2,-2,0
0.9539,8.06,7.4,4,1,-2,0
0.4661,5.67,6.27,1,0,0,1
0.4394,8.72,16.0,3,0,3,1
0.628,4.52,26.39,2,0,1,1
0.4764,9.0,41.51,5,0,-1,0
0.3008,3.16,46.43,2,0,-1,1
0.5361,3.52,16.73,5,2,2,1
0.4989,1.48,62.24,3,2,0,1
0.5715,8.16,55.67,3,3,-5,0
0.8309,4.75,30.03,5,2,-5,1
0.493,3.06,6.16,0,1,3,1
0.2686,3.09,11.6,3,3,2,1
0.9696,9.11,38.29,0,2,0,1
0.1286,8.51,18.09,0,3,-5,0
0.6445,5.98,37.03,5,3,-4,0
0.2746,6.54,58.4,0,0,4,0
0.7456,5.27,51.52,0,3,-3,0
0.7669,4.52,24.65,1,2,4,1
0.3299,9.24,34.22,2,0,-3,0
0.6635,2.13,57.19,0,2,-4,1
0.2715,4.77,78.17,2,0,-4,1
0.224,4.1,69.02,0,2,0,0
0.1291,5.48,52.04,2,0,1,0
0.5903,5.12,35.79,3,0,-2,0
0.6958,5.67,36.03,3,1,-5,0
0.651,2.26,79.75,2,2,0,0
0.3631,5.62,8.34,0,3,1,1
0.2469,3.18,88.98,1,0,-2,0
0.1968,2.66,61.47,2,2,0,0
0.5639,1.58,62.9,4,0,3,0
0.9126,7.86,8.23,1,1,-2,1
0.7814,4.85,56.47,4,1,4,1
0.7608,6.64,46.21,2,1,-2,0
0.5735,7.55,13.99,0,1,4,1
0.945,7.11,28.62,4,3,-1,0
0.1734,5.23,80.68,2,3,-3,0
0.6062,4.49,51.75,1,0,4,1
0.7814,4.38,40.14,0,2,-4,1
0.1957,6.76,11.18,4,1,3,1
0.4853,5.45,65.7,2,1,-5,1
0.4932,8.64,64.74,0,3,-1,1
0.3424,8.87,57.19,0,3,-1,0
0.1717,2.54,48.37,3,1,2,0
0.8848,2.23,41.87,0,2,0,1
0.2711,6.67,55.43,2,0,0,1
0.3283,3.71,24.84,1,0,0,0
0.3662,1.17,85.01,5,0,-2,1
0.4336,9.0,55.05,3,0,-5,1
0.5775,3.04,31.45,2,2,-3,1
0.7123,9.36,43.22,2,2,4,1
0.7399,7.46,73.48,2,2,5,1
0.9111,7.86,18.74,4,3,0,1
0.5822,2.81,29.89,4,1,-1,1
0.8791,3.11,62.76,1,2,4,1
0.4101,5.69,31.82,2,0,-5,0
0.5244,2.55,72.36,4,2,-1,0
0.4734,3.75,16.09,4,1,-4,1
0.7048,3.89,69.83,4,3,-5,1
0.3337,2.44,10.81,1,0,-2,1
0.7839,2.85,6.07,1,3,0,0
0.4498,8.1,81.35,2,2,1,1
0.5241,2.5,54.41,3,0,3,1
0.326,1.26,34.91,2,0,-1,1
0.4436,6.66,24.77,4,2,2,1
0.4158,9.78,57.44,5,2,2,1
0.5699,3.98,48.27,4,1,5,1
0.1659,2.07,89.29,0,2,3,1
0.4849,6.13,88.57,5,2,-3,0
0.5513,9.16,58.98,5,2,-3,0
0.4086,8.06,42.64,2,0,3,1
0.7895,6.6,46.75,4,1,1,1
0.6581,3.84,63.01,4,0,-2,0
0.7274,5.88,13.63,3,2,-5,0
0.2708,1.82,32.91,0,1,1,0
0.528,7.11,11.4,2,2,4,1
0.0683,7.53,11.24,1,0,0,1
0.3237,9.69,21.65,2,0,-3,0
0.7703,3.34,46.25,5,2,-1,1
0.233,1.17,71.71,2,1,-3,0
0.556,5.91,46.27,3,0,2,1
0.2167,7.36,33.52,2,2,-1,0
0.1492,8.11,12.0,3,3,4,0
0.7186,2.74,51.78,5,2,4,1
0.4946,3.36,28.06,3,2,0,0
0.1017,5.61,57.27,4,1,-4,0
0.0966,3.98,88.06,1,2,2,1
0.5363,8.74,14.46,5,3,3,1
0.6899,5.26,23.03,3,2,-3,0
0.3245,8.2,45.21,0,3,0,0
0.6815,6.23,87.33,5,0,0,1
0.567,7.96,70.6,0,2,-4,0
0.428,3.99,81.35,1,1,4,1
0.5664,8.48,33.37,3,2,2,1
0.2387,3.47,89.32,5,3,-1,0
0.4746,5.91,13.74,5,3,5,0
0.3048,2.93,9.5,1,1,5,1
0.4465,5.28,77.73,4,3,2,0
0.3708,3.86,83.82,0,2,2,1
0.2038,3.4,12.7,5,3,-3,1
0.6101,9.7,14.64,2,2,-1,1
0.8894,2.44,7.82,0,2,1,1
0.6344,8.09,13.88,3,3,-1,0
0.5223,9.86,22.8,1,1,0,0
0.6132,1.18,87.46,0,0,-4,0
0.7804,7.29,61.77,2,1,2,0
0.8672,3.28,71.18,2,0,-1,1
0.4557,1.36,70.97,1,1,0,0
0.3857,4.63,50.48,1,2,-5,0
0.5415,9.42,72.79,0,2,4,0
0.3039,1.11,55.64,3,3,-4,0
0.1894,6.29,31.74,4,0,5,1
0.6085,5.51,52.69,2,0,-2,1
0.6167,8.86,50.35,1,3,5,1
0.205,1.76,74.99,4,1,3,0
0.3418,7.13,88.45,4,3,0,0
0.5183,7.12,39.94,4,1,2,1
0.2668,7.02,69.89,3,3,-4,0
0.6027,9.48,13.48,1,0,4,1
0.4103,8.41,71.03,2,0,-1,0
0.7868,1.38,36.57,1,1,-5,1
0.7419,5.24,8.35,0,0,-2,0
0.8074,4.58,35.88,2,0,4,0
0.3856,3.79,56.9,1,0,-5,0
0.7321,5.06,15.14,2,0,5,1
0.5155,4.46,83.54,0,2,5,1
0.5808,4.89,11.6,5,3,3,0
0.3733,9.81,84.05,2,3,-4,0
0.4402,1.8,65.11,5,2,1,0
0.5948,9.3,33.03,4,0,-3,1
0.9152,5.32,38.21,3,3,-4,1
0.5188,6.61,67.97,0,3,-2,1
0.7507,8.47,56.13,2,3,1,0
0.507,4.24,62.09,0,1,1,0
0.65,4.87,38.08,4,2,3,1
0.3763,4.69,46.46,5,1,-3,1
0.314,4.37,89.14,3,1,1,0
0.5972,9.33,23.18,0,2,0,0
0.5477,8.46,40.52,5,3,4,1
0.358,1.98,29.8,4,1,1,1
0.4613,1.97,70.03,4,3,1,1
0.9239,4.85,69.94,4,1,4,1
0.8675,1.89,29.86,5,3,-1,0
0.9436,6.57,11.92,2,0,3,1
0.5698,2.29,5.97,1,0,1,1
0.6887,5.7,41.33,0,0,1,1
0.4179,1.06,39.88,1,2,-3,0
0.0447,3.85,89.01,4,0,-5,0
0.2976,7.09,44.93,1,1,-1,0
0.263,5.36,26.8,5,3,2,0
0.6044,9.8,80.75,4,3,-1,0
0.4106,8.87,46.74,4,3,4,0
0.0756,4.23,55.93,3,3,-3,0
0.3852,1.41,13.13,3,1,3,1
0.6158,8.61,37.55,5,3,-4,1
0.948,9.2,85.26,5,1,-3,0
0.6347,8.39,55.11,1,1,-2,0
0.4045,2.15,34.28,0,3,4,0
0.7285,9.98,58.18,1,3,-5,0
0.408,3.33,82.38,5,3,5,1
0.5473,7.52,28.29,0,1,-2,1
0.653,9.17,47.93,1,2,-2,0
0.5798,3.12,86.49,2,1,3,1
0.4129,9.17,19.65,2,2,2,1
0.1391,3.79,66.17,0,3,-4,0
0.1973,9.79,57.23,3,1,1,1
0.5054,3.53,62.77,0,3,0,0
0.2097,9.58,34.85,1,2,1,0
0.0514,1.48,31.68,4,2,5,0
0.3143,7.38,63.16,2,1,-2,0
0.7431,5.79,23.32,4,1,-1,1
0.5268,5.3,40.67,2,1,0,0
0.2045,3.01,20.99,1,1,3,0
0.726,7.35,5.71,2,0,-4,0
0.172,2.72,87.45,0,0,5,1
0.7017,5.98,41.69,4,3,3,1
0.5308,3.28,87.39,5,2,4,1
0.1511,9.6,16.93,4,2,-5,0
0.4727,1.26,54.93,1,3,-2,0
0.183,2.8,22.08,5,3,-1,0
0.4164,3.18,72.16,4,3,3,0
0.4095,4.73,71.61,1,0,0,1
0.5832,3.09,14.57,3,3,-2,0
0.71,5.42,82.53,0,2,-4,0
0.4517,8.85,21.54,2,3,-1,0
0.9277,7.41,57.1,2,1,2,1
0.3519,6.22,88.78,2,2,2,0
0.6701,1.8,80.0,3,2,0,1
0.685,7.25,86.31,0,2,5,1
0.4157,2.5,34.12,4,0,-5,0
0.286,8.08,13.97,4,0,2,1
0.7842,3.25,21.01,0,2,-2,0
0.6131,4.75,47.54,5,1,-4,0
0.4413,4.15,72.42,0,2,-5,0
0.3808,8.73,17.76,2,0,1,0
0.4932,2.14,61.08,4,1,-4,1
0.6474,6.09,32.5,0,2,-2,0
0.4155,2.28,34.0,4,0,-2,0
0.6476,7.34,61.26,0,1,4,1
0.5831,9.15,44.69,1,3,-5,0
0.764,4.91,74.02,2,3,-4,0
0.6488,5.39,18.25,0,2,-5,1
0.9875,9.35,72.15,3,3,0,0
0.5605,5.69,10.46,0,0,-3,1
0.9258,5.39,21.49,1,1,-5,1
0.4088,6.2,60.77,3,2,2,1
0.8283,7.2,77.67,3,1,-2,1
0.893,1.96,26.48,0,1,4,1
0.3098,8.39,32.81,1,1,1,0
0.7053,4.92,50.66,3,0,4,1
0.0786,1.65,22.98,2,2,-4,0
0.3868,8.08,73.95,5,3,0,1
0.7344,4.39,70.76,2,1,0,1
0.2703,1.9,17.35,4,1,1,1
0.352,6.7,44.43,4,1,-5,1
0.4958,8.92,70.86,1,0,-5,1
0.6863,8.99,33.67,3,3,-4,0
0.2111,9.62,58.81,2,1,5,0
0.3888,8.81,9.27,2,0,-4,1
0.1122,1.02,56.74,5,0,-1,1
0.8555,4.42,17.98,1,1,-5,1
0.4934,8.37,75.6,3,1,5,0
0.3738,4.3,35.21,1,0,-4,0
0.7407,6.41,28.93,0,0,0,1
0.4428,6.46,76.48,2,1,-3,0
0.7495,4.29,9.26,1,0,-2,1
0.273,9.14,38.71,1,0,-5,1
0.3488,5.53,36.45,5,1,-1,1
0.5454,5.18,29.21,0,1,-2,1
0.7376,9.98,82.5,4,2,2,1
0.619,5.44,68.83,2,3,-3,0
0.1881,2.61,10.43,5,1,4,1
0.64,5.62,65.75,1,1,-5,1
0.2508,8.33,49.82,2,1,4,0
0.3831,7.99,81.57,4,3,-1,1
0.5352,8.1,31.6,1,2,-5,1
0.1968,7.37,53.8,0,0,5,0
0.8501,3.29,47.56,2,3,-1,0
0.1856,8.76,46.61,5,1,3,1
0.6773,9.04,43.77,0,1,-1,0
0.6599,2.75,22.48,4,2,-4,0
0.4351,2.17,69.24,4,2,-4,1
0.5206,9.78,43.36,2,2,4,0
0.5692,8.81,86.47,4,0,3,1
0.7764,9.04,27.17,3,3,-1,0
0.8603,8.98,63.03,5,3,5,0
0.242,5.88,84.96,2,2,2,0
0.9646,6.82,61.39,3,0,4,1
0.7597,5.91,79.06,4,3,-2,1
0.6559,1.46,75.34,2,1,-4,1
0.3913,7.71,35.61,3,1,-2,0
0.5451,5.55,56.01,4,1,5,1
0.5866,6.83,18.28,1,3,-2,0
0.1684,5.52,50.52,1,2,5,0
0.574,5.43,24.59,0,1,3,0
0.6967,2.55,68.22,1,2,4,0
0.5501,3.51,49.88,3,0,5,1
0.8277,2.43,39.95,5,1,0,1
0.6181,2.76,27.85,1,0,4,1
0.0325,9.76,89.89,2,2,0,0
0.5977,2.38,11.1,2,3,-1,1
0.7522,3.42,8.7,2,2,0,1
0.108,6.32,23.47,1,1,-5,0
0.6839,6.49,87.54,1,1,-1,0
0.4912,2.39,88.24,0,2,0,0
0.9286,8.14,60.67,5,1,2,1
0.2674,8.07,79.81,5,1,-2,0
0.5499,3.14,23.19,4,0,-1,1
0.3479,3.6,87.62,0,3,-2,1
0.8521,9.44,17.14,3,2,1,1
0.4184,8.43,13.6,2,0,4,1
0.8399,7.28,14.54,1,1,0,1
0.1599,1.74,53.72,4,0,-2,0
0.5167,4.76,71.38,4,3,0,0
0.5662,6.03,36.17,1,2,-2,0
0.6801,2.69,88.12,0,3,2,1
0.8378,5.03,41.93,4,3,5,1
0.5597,6.41,17.79,5,0,-3,0
0.13,3.95,44.61,0,0,2,1
0.3151,8.03,62.72,1,3,-4,0
0.1898,8.56,75.74,0,1,0,0
0.8989,3.91,44.0,5,2,2,1
0.6072,8.55,55.46,2,1,-5,1
0.3891,1.93,27.72,1,1,0,1
0.5728,8.54,59.9,5,2,3,0
0.6283,2.37,88.81,1,0,4,1
0.5829,1.75,9.17,5,1,4,1
0.6604,6.78,80.36,5,0,-4,1
0.7407,5.25,52.79,4,2,5,1
0.2426,9.17,26.43,4,1,-5,0
0.5053,4.27,86.17,4,0,-4,0
0.6032,3.58,46.09,2,0,-1,0
0.757,5.51,33.19,2,1,0,1
0.7438,5.1,20.43,5,2,-5,1
0.3283,4.1,25.78,3,3,1,1
0.1973,7.24,75.79,1,0,5,1
0.4631,7.84,57.22,4,2,-2,1
0.6194,8.68,82.63,1,1,3,1
0.8131,9.76,24.72,5,0,0,1
0.2371,3.4,15.3,0,0,3,1
0.1118,7.44,5.52,5,0,-5,0
0.2545,4.55,48.17,2,2,-2,1
0.109,7.09,89.86,3,0,-4,0
0.6254,5.28,64.07,0,0,0,1
0.5996,9.94,31.21,1,1,-2,0
0.713,7.56,79.53,2,0,3,1
0.2577,9.57,71.45,4,2,-3,1
0.7385,8.51,6.31,0,1,-5,1
0.2779,9.13,74.43,2,3,5,1
0.646,8.33,30.54,1,1,5,0
0.946,5.13,17.72,5,0,-5,0
0.2523,3.27,24.24,1,3,3,1
0.3052,4.33,44.83,0,1,3,0
0.312,1.18,41.11,0,0,-1,1
0.3459,5.72,29.56,5,1,-4,1
0.2896,5.55,19.64,0,2,3,1
0.3849,5.73,69.79,3,0,2,0
0.441,9.77,89.16,4,2,5,1
0.6676,9.2,71.11,2,0,4,0
0.7526,2.46,30.15,5,2,4,1
0.7105,4.32,25.81,1,3,0,1
0.5321,4.82,23.5,1,2,1,0
0.1164,4.24,16.62,4,1,0,0
0.9052,8.19,51.86,0,0,-1,1
0.5429,5.72,56.46,0,1,-2,0
0.4873,6.15,64.97,1,2,1,1
0.7581,8.68,62.82,4,0,-2,1
0.4445,8.25,29.85,1,2,4,1
0.5385,2.19,33.08,0,3,4,1
0.647,7.43,62.93,5,3,4,0
0.7866,4.92,34.7,2,3,3,0
0.4354,3.65,23.07,0,2,-1,0
0.5741,1.45,36.82,5,2,2,1
0.8268,5.39,28.13,2,3,0,0
0.5384,4.2,12.51,3,2,-2,0
0.4385,3.26,75.56,4,1,-3,0
0.5686,7.25,77.51,5,2,5,1
0.382,7.93,23.68,3,1,0,0
0.6254,3.2,10.51,0,3,-5,0
0.6267,1.45,67.8,4,2,-4,0
0.6663,8.64,22.98,5,3,1,1
0.281,1.09,38.44,0,0,-2,1
0.5229,9.43,10.45,4,2,-1,0
0.6549,6.65,24.23,4,2,5,1
0.6054,3.9,72.4,0,3,4,0
0.5659,3.22,73.37,0,3,-5,1
0.6372,1.08,22.6,5,3,-4,0
0.2571,3.12,33.55,4,0,-2,0
0.3904,2.24,16.41,5,0,2,1
0.3293,6.51,11.3,4,3,4,1
0.5039,2.5,89.33,5,2,-2,0
0.7806,5.76,60.73,0,2,-3,0
0.3023,6.31,51.08,0,3,-3,0
0.536,3.68,70.07,1,1,-1,1
0.3394,1.32,76.41,5,0,-3,0
0.2538,1.34,73.57,1,0,2,0
0.5489,1.24,6.41,1,1,-1,1
0.254,7.65,20.88,3,3,1,0
0.5364,3.86,60.67,4,2,5,0
0.6101,8.17,36.94,2,2,2,1
0.3036,4.89,88.51,3,0,-1,0
0.4977,5.08,61.56,4,1,2,1
0.8651,5.62,86.31,2,2,-3,1
0.1004,7.42,22.12,1,0,1,1
0.4285,3.46,78.44,2,2,2,1
0.9209,2.09,32.31,0,2,1,0
0.602,6.0,89.11,0,2,-4,0
0.7994,3.94,18.4,5,0,2,1
0.7833,4.98,48.89,4,1,0,1
0.7631,6.82,72.39,3,3,4,1
0.6053,5.45,41.77,1,1,-3,1
0.6627,6.58,44.79,4,2,-2,1
0.3256,5.9,88.84,1,1,1,0
0.4427,7.66,41.15,0,2,-3,0
0.8307,7.35,56.35,3,0,-5,1
0.8461,5.81,9.64,3,0,0,1
0.4947,7.11,76.59,0,0,-3,1
0.5664,8.86,60.09,2,2,5,0
0.319,4.89,39.34,3,1,4,1
0.6458,4.71,6.37,2,3,0,0
0.1152,7.88,55.29,1,3,4,0
0.3057,6.24,6.08,3,0,-3,1
0.5677,1.64,5.1,5,3,0,1
0.4878,9.03,57.37,0,2,5,1
0.5809,1.28,21.07,2,1,-2,1
0.4573,7.74,21.31,5,3,-2,0
0.1008,7.83,60.53,1,3,4,0
0.8046,9.58,9.56,1,1,4,1
0.4181,1.49,31.64,3,3,5,1
0.496,6.37,17.7,3,1,-4,0
0.8398,4.85,54.31,5,2,-2,1
0.7338,3.98,61.25,4,2,5,1
0.853,1.81,66.3,4,2,-2,1
0.4575,6.06,26.69,3,0,5,1
0.3806,5.31,12.59,4,2,1,1
0.7957,1.94,11.69,0,3,-1,0
0.5269,6.51,41.22,5,0,2,0
0.3476,7.64,85.4,0,0,1,1
0.8887,7.91,23.51,4,0,4,1
0.3234,9.15,26.82,3,2,3,1
0.4482,4.69,13.58,0,0,2,1
0.4749,9.58,56.47,1,2,3,1
0.69,8.79,62.79,3,2,-5,1
0.2971,3.67,59.65,5,0,4,0
0.1068,2.43,78.2,2,0,-3,0
0.5966,4.92,46.35,2,3,-1,1
0.5372,4.62,16.43,3,0,3,1
0.1963,6.18,29.6,4,2,2,1
0.5028,6.25,61.31,0,3,4,0
0.1903,7.75,57.12,0,3,1,0
0.6452,5.59,50.14,3,2,-4,0
0.2154,1.94,63.05,1,0,5,0
0.6138,8.72,59.18,5,0,0,1
0.6871,3.79,79.91,4,1,-2,0
0.5122,9.74,54.81,1,0,-1,1
0.8653,2.06,71.18,3,1,-1,0
0.0379,9.62,26.14,3,3,-2,0
0.7683,1.82,62.65,1,3,-2,1
0.5524,3.08,81.69,2,3,-2,0
0.7133,1.42,37.79,3,1,5,1
0.8225,7.35,71.22,5,2,-4,0
0.476,8.65,66.61,4,2,-5,0
0.5065,4.91,10.06,1,3,-4,0
0.8477,9.36,54.43,2,1,1,1
0.3731,6.31,16.07,1,1,-5,1
0.6262,6.67,87.22,2,3,0,1
0.6187,8.61,73.97,2,0,-2,0
0.7885,3.67,14.33,5,3,-4,0
0.1172,4.19,15.35,4,1,-3,0
0.1179,9.15,55.53,3,0,1,1
0.3758,9.11,34.32,2,2,0,1
0.4705,9.79,7.97,3,0,0,1
0.5254,9.12,51.04,4,2,2,1
0.2791,2.15,37.97,3,1,2,0
0.0908,8.41,13.59,5,3,0,0
0.9541,4.69,73.16,5,3,-5,0
0.3695,9.92,82.78,0,3,4,1
0.8008,5.25,69.31,5,3,1,1
0.2857,5.98,74.91,2,3,2,0
0.481,5.77,23.4,4,1,-1,0
0.2143,3.9,27.4,5,1,5,1
0.8938,1.68,22.72,1,3,-2,0
0.3512,9.06,70.03,4,0,1,0
0.1719,8.22,85.57,2,3,5,1
0.8322,2.26,65.93,4,2,0,1
0.3639,7.99,79.92,5,2,0,0
0.7934,6.63,59.29,1,2,-3,0
0.4981,4.68,37.95,0,2,5,1
0.0809,3.29,41.19,2,3,4,1
0.8383,8.74,11.4,2,2,-2,1
0.3287,7.3,7.67,4,0,-1,0
0.5845,5.93,64.12,3,3,3,1
0.5356,6.49,42.27,3,2,2,1
0.2619,1.82,51.94,1,3,-3,0
0.7892,5.27,52.4,0,3,0,0
0.8282,2.74,28.58,0,3,4,1
0.2761,2.88,45.45,4,1,-5,0
0.4621,6.95,45.01,4,2,-3,0
0.448,9.2,38.02,3,1,4,1
0.5097,4.63,74.76,5,0,1,1
0.4894,2.87,43.35,0,0,1,1
0.4583,6.84,56.31,5,1,-4,0
0.4922,8.84,81.12,0,2,-3,0
0.7395,7.73,78.63,5,3,1,1
0.5176,8.82,80.69,5,0,0,1
0.894,5.83,27.95,0,0,1,1
0.3199,7.77,7.97,1,0,4,1
0.7087,2.26,27.19,1,2,3,1
0.4789,4.13,28.69,4,1,2,1
0.4258,4.51,82.3,5,1,0,0
0.5918,5.6,60.19,5,2,-2,0
0.6344,9.36,11.94,5,0,4,1
0.6735,8.87,16.51,5,2,3,1
0.63,2.21,18.23,5,2,1,1
0.7338,2.56,58.59,3,1,-1,1
0.6679,4.22,67.51,2,2,-4,1
0.8711,3.62,78.07,5,2,3,1
0.5958,6.53,84.95,3,0,1,1
0.6293,9.12,22.14,1,3,3,1
0.4399,9.66,31.33,5,0,5,1
0.3771,6.88,25.43,1,1,3,1
0.2234,8.54,35.49,4,3,4,1
0.5374,5.73,82.75,2,0,-1,0
0.1739,2.87,53.88,0,2,1,0
0.7279,5.72,67.75,2,2,-1,0
0.4426,6.0,46.66,5,3,-3,0
0.321,7.68,7.45,5,3,4,0
0.1039,2.98,10.46,2,2,2,1
0.6583,4.31,50.72,2,1,2,0
0.6642,4.28,66.1,4,0,3,1
0.5657,9.63,23.3,1,2,5,1
0.3986,5.0,66.36,0,0,0,0
0.5812,7.8,73.91,2,0,-4,1
0.0524,7.76,40.01,0,0,-3,0
0.4742,3.39,68.45,2,0,5,1
0.769,6.15,39.34,1,1,4,1
0.1439,9.05,62.66,0,1,5,1
0.1666,5.28,69.94,3,1,0,1
0.4381,9.51,89.31,1,2,-5,0
0.2661,2.93,34.36,0,2,-4,0
0.6774,1.67,39.94,2,2,2,1
0.2418,9.02,19.08,2,1,5,0
0.3423,8.63,22.35,1,0,2,1
0.3833,9.93,63.94,1,1,0,0
0.5216,7.11,82.95,2,2,-3,0
0.2798,9.43,38.54,0,3,-4,0
0.5547,8.44,20.29,3,2,0,1
0.2595,8.6,29.23,4,0,-5,0
0.4137,6.12,43.68,1,1,4,1
0.2131,4.44,29.71,2,3,0,0
0.7823,9.41,24.85,0,3,3,1
0.6415,4.89,67.56,1,0,1,1
0.3556,5.85,5.67,0,1,3,1
0.8954,5.02,50.83,1,3,-4,1
0.3512,6.08,72.47,2,2,5,1
0.4369,5.23,27.63,0,0,-1,1
0.3044,1.43,56.28,2,3,3,0
0.2198,8.94,61.86,0,0,1,0
0.2067,5.0,60.68,1,1,3,1
0.9089,6.3,42.9,4,1,5,1
0.5408,2.25,34.46,4,1,0,1
0.3407,1.03,76.05,3,2,1,0
0.3009,3.21,69.47,3,3,4,0
0.4693,7.34,32.31,5,1,-1,1
0.7884,1.89,13.76,2,2,0,0
0.1921,9.18,11.1,0,1,-5,0
0.2799,2.94,13.01,3,1,-5,0
0.4483,2.84,54.54,1,3,-4,0
0.7117,2.63,9.39,4,2,5,1
0.1317,1.13,33.64,0,1,-2,1
0.6393,7.95,69.02,5,2,5,1
0.8967,8.88,30.02,4,2,3,0
0.0719,6.53,69.88,0,1,1,0
0.8135,2.69,68.36,3,1,0,1
0.9294,3.57,25.9,3,0,-5,0
0.4612,5.28,66.95,2,3,-1,0
0.8291,9.59,68.56,5,1,5,0
0.7718,3.23,38.78,0,0,-2,1
0.5427,7.58,22.89,5,3,-1,0
0.719,4.96,49.31,1,1,5,0
0.1503,3.68,83.32,5,2,3,0
0.3234,5.1,59.37,3,3,-3,0
0.6571,1.64,19.7,2,2,-2,1
0.1279,8.19,63.03,3,0,2,1
0.3164,3.19,41.31,4,1,-3,0
0.3163,7.53,55.28,3,0,-3,0
0.6675,1.62,67.4,0,1,3,1
0.6972,9.6,48.77,2,1,-1,1
0.7089,2.74,74.19,0,2,4,0
0.0796,8.94,66.38,1,0,-5,0
0.3823,8.29,57.28,1,2,1,0
0.4515,9.71,17.82,3,2,1,0
0.9308,5.3,76.06,2,2,0,0
0.5616,7.55,84.55,5,0,0,1
0.5985,4.34,16.64,2,1,-3,0
0.4304,2.66,46.5,2,1,-3,1
0.811,4.99,27.01,2,0,4,1
0.6651,2.49,69.13,3,1,5,1
0.4816,9.84,66.34,0,0,3,1
0.6573,1.87,16.98,3,0,-5,0
0.5953,6.3,79.55,5,1,1,0
0.7874,6.64,20.38,0,3,5,1
0.7133,5.84,72.77,5,2,4,0
0.2842,6.96,43.84,4,0,1,1
0.6838,2.05,32.9,4,0,2,1
0.3615,6.0,18.45,0,3,0,0
0.4568,3.58,19.25,3,0,2,1
0.7487,9.46,61.26,5,0,-5,1
0.5468,7.86,51.79,5,1,-5,0
0.4077,9.75,15.38,1,1,3,0
0.2761,1.34,14.58,5,3,-2,0
0.5709,3.57,11.15,3,0,-3,1
0.3391,2.76,68.22,1,2,0,1
0.5026,1.1,65.51,3,1,4,1
0.8017,3.18,9.97,2,2,3,1
0.2155,7.11,52.62,5,2,4,0
0.3556,3.08,12.2,2,3,5,0
0.7955,5.58,81.82,4,3,-2,0
0.3612,8.99,82.1,4,0,3,1
0.258,7.24,64.35,0,3,-1,0
0.3852,4.55,83.73,5,1,1,0
0.75,4.35,73.97,1,0,-3,0
0.5065,5.1,75.43,2,0,-3,0
0.3287,2.59,53.43,3,2,-3,1
0.6211,6.71,31.02,5,2,2,1
0.804,4.28,23.51,0,2,0,0
0.4494,8.67,32.81,3,0,3,1
0.2825,7.81,58.42,2,3,3,0
0.628,6.49,19.68,5,3,2,1
0.438,4.28,26.98,2,3,-5,0
0.3013,2.89,44.79,5,0,0,0
0.2922,7.99,24.81,5,0,-2,0
0.3417,5.38,55.03,2,0,-2,0
0.6551,3.02,83.47,2,0,-3,1
0.5326,2.76,68.59,3,0,3,0
0.8301,2.49,61.65,0,3,-4,1
0.7644,7.99,54.53,2,0,-5,1
0.2736,3.06,46.48,4,3,4,0
0.2242,5.74,20.86,0,0,-3,0
0.235,5.06,81.05,4,3,-2,0
0.3894,6.22,26.13,3,1,-2,0
0.7355,8.89,12.76,2,1,0,1
0.9115,8.81,68.75,0,3,-5,0
0.5749,5.06,19.93,2,1,-5,0
0.2952,1.14,36.61,5,1,-4,0
0.6748,4.84,7.4,2,3,-2,0
0.6842,6.46,16.65,0,0,1,1
0.8097,6.02,19.72,2,0,0,1
0.4963,6.86,9.62,2,3,5,1
0.0651,2.39,60.82,1,2,3,0
0.101,6.82,76.15,1,2,1,1
0.319,2.64,36.73,0,1,-1,1
0.3616,7.75,79.34,0,2,0,0
0.729,4.05,23.13,5,1,4,1
0.2579,7.39,32.66,5,0,3,0
0.7671,1.43,17.81,2,3,-5,0
0.5779,4.67,57.75,4,0,5,0
0.3721,7.35,40.69,0,3,3,1
0.6349,3.04,57.13,2,2,0,1
0.6106,8.16,69.74,4,0,-2,0
0.7312,6.68,51.38,1,0,-1,1
0.5759,6.29,58.35,5,1,-5,0
0.6318,4.18,84.5,0,3,1,0
0.1885,5.34,30.42,2,2,2,1
0.6814,6.38,35.53,1,0,5,0
0.536,5.25,66.0,3,3,-1,0
0.7015,7.28,56.96,1,2,-4,1
0.3742,4.9,20.18,2,0,2,1
0.7576,2.82,36.97,5,3,4,1
0.6421,2.93,44.77,4,1,1,1
0.5469,1.05,40.65,3,0,4,1
0.2701,3.71,20.15,3,3,3,1
0.3754,7.74,83.58,5,2,-2,0
0.6398,8.15,69.8,3,2,5,0
0.5729,2.82,45.92,0,1,3,1
0.3983,9.63,62.81,2,0,-2,1
0.1065,5.52,81.27,3,1,-3,0
0.2572,9.25,16.57,1,3,5,1
0.7027,7.36,26.28,4,2,-3,0
0.2853,7.5,51.13,2,1,4,0
0.7994,1.77,72.92,5,0,-4,0
0.9454,2.98,8.08,1,3,4,1
0.4636,1.08,88.64,0,0,-3,1
0.7154,7.45,43.67,3,1,2,0
0.6013,4.1,35.53,1,2,5,0
0.6664,8.08,29.88,2,2,2,1
0.8548,4.05,19.82,1,1,-4,1
0.4508,8.37,72.28,0,0,5,0
0.0304,2.18,86.21,4,0,-4,0
0.6912,2.56,40.16,3,0,-4,0
0.7875,4.07,85.96,2,0,4,1
0.1394,4.68,75.02,3,2,1,0
0.871,4.14,45.89,3,0,0,1
0.9313,7.87,62.29,5,1,5,1
0.6649,1.87,41.97,3,1,-5,1
0.1651,4.16,52.49,1,1,-4,0
0.589,8.54,9.93,1,1,-5,0
0.2862,1.6,64.18,4,0,5,0
0.8438,9.48,9.49,0,2,1,1
0.2199,9.88,74.45,2,3,0,0
0.786,1.8,75.12,1,0,-4,1
0.5132,3.62,25.15,3,3,-4,0
0.4855,4.35,32.51,0,2,-4,1
0.3331,7.99,45.91,2,0,2,1
0.4591,6.36,55.72,2,3,1,1
0.44,6.8,29.43,2,2,-5,0
0.0745,7.82,55.36,2,3,-2,0
0.7427,2.06,30.31,4,1,5,1
0.5164,8.5,9.72,2,1,-2,1
0.6704,7.35,5.21,0,2,1,0
0.7037,6.2,13.6,1,2,-4,1
0.7038,9.01,72.34,0,3,-2,0
0.6073,7.3,86.72,3,2,-5,0
0.6455,2.82,41.29,5,1,5,1
0.8121,4.87,48.58,4,1,5,1
0.5984,5.45,17.48,4,0,-2,1
0.5876,1.5,51.84,3,3,5,0
0.6228,9.59,17.3,0,2,-5,1
0.9431,2.16,56.95,0,2,-4,1
0.9167,7.28,84.33,3,2,-4,1
0.1423,5.56,21.63,5,3,4,0
0.8216,1.23,69.99,2,1,-3,0
0.2149,9.32,7.0,2,2,2,0
0.5211,8.67,36.92,1,2,5,1
0.2345,5.72,14.41,0,1,0,0
0.3703,3.06,34.96,0,2,0,1
0.1183,2.09,19.75,3,0,3,1
0.6924,4.27,36.73,3,1,2,1
0.6789,3.3,40.49,2,1,-4,0
0.9491,5.56,30.55,0,1,0,1
0.65,9.7,60.81,0,0,-5,0
0.1252,6.17,83.1,4,1,3,1
0.7221,9.01,39.05,1,3,-2,1
0.3268,6.86,21.35,1,3,-2,0
0.5403,5.28,28.01,2,3,3,0
0.219,8.69,77.59,5,1,-3,1
0.8714,5.24,53.59,0,1,-1,0
0.3813,8.82,43.68,4,1,-5,0
0.3191,3.62,17.72,0,0,0,1
0.8183,2.16,43.23,3,3,-3,0
0.3553,8.7,28.67,2,2,-5,1
0.7671,6.29,85.17,5,2,4,1
0.4733,9.0,80.15,1,1,0,0
0.4144,9.44,12.13,0,0,4,1
0.1636,1.48,48.92,5,1,-4,0
0.7595,5.51,24.13,2,2,2,0
0.9113,4.37,39.92,1,3,5,1
0.5005,6.63,79.53,0,2,-4,0
0.8375,8.14,49.84,4,3,-2,1
0.2692,3.53,33.41,2,3,-3,0
0.5526,6.01,22.67,0,0,3,1
0.3254,7.38,73.03,1,2,-4,0
0.7557,2.21,58.08,1,1,-3,1
0.3834,8.33,44.79,4,0,1,1
0.588,6.45,23.49,2,3,-2,0
0.7347,9.55,33.41,2,2,0,0
0.8695,4.06,86.59,5,1,-3,1
0.8534,1.97,49.21,0,0,-5,1
0.1035,5.56,39.06,5,1,5,0
0.6837,1.77,49.32,1,2,0,1
0.5486,9.73,71.21,1,1,-2,1
0.5571,1.35,33.91,4,0,-4,1
0.6538,7.78,20.19,4,1,1,0
0.2466,5.73,54.72,2,2,4,0
0.6879,4.32,61.54,5,0,-1,1
0.3391,1.59,65.58,1,3,0,0
0.18,6.6,79.97,0,0,0,1
0.7332,6.27,36.55,3,2,3,0
0.7535,3.53,11.41,0,1,-4,0
0.7872,9.19,86.46,4,3,0,1
0.4496,3.74,41.98,0,3,3,0
0.8418,5.05,57.98,1,1,-2,0
0.6689,5.89,61.64,5,2,5,1
0.7603,1.9,51.45,2,0,0,1
0.7725,9.39,22.45,5,2,1,1
0.4098,4.37,69.19,3,3,-5,1
0.3775,1.73,73.32,2,0,-1,1
0.587,4.49,52.0,3,0,-2,1
0.8777,6.4,46.53,3,1,4,1
0.524,5.62,14.68,1,2,-4,0
0.5463,7.25,12.14,1,0,-4,1
0.6651,1.5,33.86,4,1,-4,1
0.3776,3.56,31.42,4,2,1,1
0.8237,8.37,86.06,3,3,5,1
0.3894,1.72,71.61,5,3,5,1
0.7191,8.7,61.09,4,2,-2,0
0.731,1.83,49.0,1,0,0,1
0.7137,8.51,19.23,4,0,1,1
0.6449,4.25,88.17,3,3,3,0
0.2945,6.51,36.88,2,3,5,0
0.8477,2.38,14.09,5,0,-4,1
0.0294,1.6,46.97,5,2,4,0
0.5126,2.94,79.29,0,3,3,1
0.6313,2.15,80.42,4,0,5,1
0.5533,3.81,5.93,5,2,-1,1
0.3953,5.63,80.34,1,1,0,0
0.6418,6.3,28.08,2,2,0,1
0.6981,8.11,8.31,1,0,5,1
0.7537,6.91,77.06,4,2,-3,0
0.6973,6.48,78.43,3,0,5,1
0.6556,4.71,55.68,0,3,5,0
0.7533,5.26,53.83,0,1,4,1
0.6256,4.73,74.12,2,3,1,0
0.3001,8.58,71.84,5,3,1,0
0.2853,3.07,80.66,5,0,2,0
0.5602,1.05,51.98,5,0,-1,1
0.2948,6.86,87.25,0,0,-4,1
0.0817,2.82,89.67,3,0,-3,0
0.7914,9.01,14.91,5,3,3,0
0.9002,8.73,77.21,1,0,0,1
0.3472,1.69,47.48,5,0,2,1
0.4123,1.96,37.94,3,3,2,1
0.3517,5.46,57.11,2,1,-1,0
0.5766,6.48,9.76,2,1,-5,0
0.3057,3.47,48.05,0,2,0,1
0.4026,7.45,79.03,3,3,1,1
0.6854,6.35,23.14,1,0,3,1
0.2375,3.92,41.24,3,2,-4,0
0.4847,1.23,84.86,1,1,-4,0
0.1922,7.75,41.43,1,1,4,1
0.2393,2.93,35.46,3,3,-5,0
0.1698,8.51,42.45,4,0,-1,0
0.5524,4.78,49.15,3,0,-4,1
0.4743,6.19,58.72,1,2,-3,0
0.0589,8.86,73.06,5,1,-4,0
0.4811,8.77,43.43,2,2,5,1
0.1687,4.34,74.49,2,2,-2,0
0.8642,2.88,50.37,0,2,5,1
0.6975,7.98,33.77,2,0,-3,0
0.7219,4.9,60.93,4,1,3,1
0.6977,2.73,66.01,1,2,4,1
0.467,9.14,52.43,3,1,-4,1
0.7023,2.78,9.81,3,1,1,0
0.3251,1.23,19.44,4,2,5,0
0.5043,1.18,29.25,2,2,-3,1
0.2301,6.6,29.02,1,3,4,1
0.9282,6.96,62.24,2,0,2,1
0.1074,3.8,6.56,0,1,-2,0
0.3358,3.88,69.23,2,2,-2,0
0.2863,4.06,27.55,0,2,3,0
0.9248,7.12,31.35,3,1,5,1
0.4854,1.52,49.87,1,2,-3,0
0.2921,9.36,23.35,5,3,1,0
0.64,3.0,80.18,0,1,-5,0
0.8464,10.0,12.26,2,2,1,1
0.4798,2.54,42.77,2,1,4,1
0.2026,7.94,77.2,3,2,5,0
0.2648,3.01,57.35,4,2,-4,0
0.7857,1.73,29.85,5,0,0,1
0.7218,8.87,40.76,4,1,3,0
0.3397,8.73,65.07,2,0,0,0
0.4273,4.63,87.73,4,2,-3,0
0.5986,7.32,80.92,5,1,-5,0
0.7004,6.01,34.11,5,1,-2,1
0.6321,8.68,89.85,1,3,-2,0
0.6824,3.84,5.3,4,3,2,1
0.3035,5.71,7.35,1,2,4,0
0.7831,5.37,75.03,2,2,4,0
0.9453,4.19,21.95,2,2,1,1
0.5907,9.02,10.17,2,2,4,0
0.4962,2.49,25.16,3,3,1,0
0.1242,2.35,41.22,4,1,1,0
0.4303,6.19,67.1,0,0,-4,1
0.7773,6.92,58.07,5,1,3,1
0.6387,2.75,25.2,0,1,0,0
0.7305,4.52,47.78,2,3,-4,0
0.4824,9.52,83.73,4,1,-5,0
0.7879,3.22,74.28,1,1,5,1
0.3945,7.02,32.47,0,2,-5,1
0.8408,7.66,88.49,2,0,-5,1
0.6543,5.03,65.23,0,1,-2,0
0.4319,9.44,10.31,0,1,-2,0
0.0615,7.63,7.99,5,0,3,1
0.768,5.12,19.31,0,2,-5,0
0.5541,6.12,66.87,2,3,-3,0
0.447,7.23,20.62,5,3,-3,0
0.4933,6.33,48.48,2,1,2,1
0.1355,8.91,12.93,3,2,-4,0
0.2579,4.21,83.28,3,3,0,0
0.8171,3.7,34.24,3,3,5,0
0.8315,2.92,82.19,0,3,-2,1
0.2084,1.34,85.31,4,3,4,0
0.5968,1.39,5.52,2,3,0,1
0.5601,8.83,44.45,3,1,-1,0
0.6991,7.11,7.1,4,3,3,1
0.3893,6.94,82.24,3,1,3,0
0.7153,6.53,49.06,3,0,-5,1
0.7322,8.64,11.37,4,0,-3,1
0.7078,5.32,14.37,3,2,-5,1
0.8071,8.83,37.6,0,1,0,0
0.332,4.24,84.92,0,2,-3,0
0.7329,9.34,63.9,5,0,-5,0
0.2202,7.29,78.75,0,0,0,0
0.7314,3.31,36.15,1,0,-1,1
0.7134,6.08,8.67,5,0,2,1
0.5838,5.8,87.82,3,3,-4,0
0.3871,2.24,6.46,1,0,2,0
0.3756,6.32,85.55,2,3,-1,1
0.6441,3.83,36.34,4,3,2,0
0.1634,1.47,5.86,2,2,4,1
0.2994,9.54,63.58,1,3,-2,0
0.7011,6.77,88.35,0,2,-2,1
0.3179,8.89,87.08,3,3,4,1
0.4733,7.08,18.68,5,3,-2,0
0.6687,4.21,20.41,3,0,5,1
0.5229,5.61,53.07,0,1,0,0
0.2626,7.08,59.17,3,3,-2,0
0.4147,9.64,67.85,4,1,3,1
0.5308,3.28,20.39,4,1,3,1
0.8009,8.87,86.52,4,1,-3,0
0.9356,9.32,59.29,2,3,1,1
0.6684,7.03,77.0,0,1,-1,1
0.0734,9.38,50.91,4,3,3,1
0.9251,4.58,40.21,1,0,-4,1
0.6584,9.58,88.06,4,3,-3,1
0.4995,7.33,54.48,5,2,4,1
0.5008,1.38,78.68,2,0,-1,1
0.6714,9.16,86.03,1,1,-1,1
0.275,5.36,62.41,0,1,4,1
0.2644,5.14,51.66,0,2,1,0
0.5438,6.1,5.3,5,0,2,1
0.9126,2.34,8.4,4,2,2,1
0.6029,5.22,22.07,1,1,-5,1
0.2429,8.48,20.81,5,3,-5,0
0.0481,1.14,26.65,1,1,-3,0
0.2493,3.46,30.92,4,2,-5,0
0.5565,1.02,35.61,4,3,-5,0
0.3648,4.74,40.75,3,3,4,1
0.7507,7.55,13.4,3,1,2,1
0.2753,8.19,8.6,4,3,-5,0
0.4869,9.51,62.29,2,0,3,1
0.8722,6.48,50.67,5,1,-4,0
0.2811,3.29,42.75,3,1,3,0
0.3987,9.32,58.93,4,0,1,1
0.4143,7.98,75.35,1,1,3,1
0.4905,6.17,41.35,5,2,-3,1
0.5209,7.26,59.5,3,2,-5,1
0.1159,9.32,86.05,2,1,-5,0
0.2352,7.41,76.37,5,0,5,1
0.3762,4.32,41.21,5,3,4,0
0.3836,7.42,59.8,0,0,0,1
0.7605,1.36,20.05,1,2,1,1
0.8521,4.48,52.64,2,1,3,1
0.7359,4.66,88.41,2,0,0,1
0.2404,2.5,49.06,2,3,-1,0
0.8803,1.21,83.85,1,3,-4,1
0.6402,2.2,39.62,2,3,-4,1
0.5083,6.89,89.9,0,3,2,1
0.4387,8.22,54.23,3,0,-5,0
0.8063,9.89,8.59,1,3,2,1
0.7616,4.12,54.87,2,2,5,1
0.6751,6.39,28.34,4,3,4,0
0.0636,9.43,7.76,3,2,5,0
0.8316,2.5,74.77,5,0,1,1
0.1865,7.46,28.44,1,2,1,1
0.591,7.79,72.71,4,0,-1,0
0.6908,1.8,29.5,5,3,-3,1
0.6971,8.75,21.52,4,1,1,1
0.1837,8.32,87.78,2,2,1,0
0.7562,1.3,35.74,1,2,1,0
0.4954,1.82,56.12,2,1,5,1
0.4893,1.44,56.85,5,0,-4,1
0.3413,4.01,52.64,0,0,-3,1
0.7164,5.58,82.75,4,3,-3,1
0.8355,5.79,62.33,0,2,-2,0
0.3369,3.41,39.32,5,0,3,1
0.5205,9.2,78.3,2,3,4,0
0.7375,4.31,20.39,3,0,-5,1
0.1893,1.41,51.26,4,1,1,1
0.7253,3.7,85.8,3,1,1,0
0.7976,5.78,58.16,1,1,5,1
0.4309,4.67,74.44,4,3,-2,0
0.8729,3.46,60.55,0,2,5,1
0.7703,2.18,76.35,3,1,-5,0
0.4076,8.37,85.28,5,1,-3,1
0.2552,9.97,28.2,1,0,-1,0
0.2409,3.97,19.42,4,1,-4,1
0.7354,4.43,46.14,5,2,1,0
0.8095,6.56,64.66,1,3,4,1
0.4563,7.47,24.31,0,1,4,1
0.3798,4.53,5.35,5,3,1,0
0.5946,9.14,34.15,4,3,4,0
0.7841,6.04,87.35,1,2,-1,0
0.6112,5.05,64.07,2,0,4,1
0.9571,6.82,39.11,4,0,0,1
0.7205,9.58,21.37,4,3,-5,0
0.1563,8.15,35.27,4,1,-2,1
0.5845,1.36,19.44,4,3,-2,1
0.7247,3.99,14.04,2,0,5,1
0.4505,5.23,82.07,5,1,2,1
0.5142,3.83,89.8,5,0,-4,1
0.0887,7.3,18.95,5,2,-5,0
0.4153,8.44,9.63,0,0,1,1
0.3474,7.58,33.03,2,1,0,1
0.4112,9.9,44.24,2,1,-1,1
0.4959,3.45,22.41,1,3,2,0
0.669,8.87,30.62,3,1,5,1
0.1094,7.9,22.07,5,2,-4,0
0.9306,4.26,70.81,3,0,-4,1
0.7161,7.61,65.57,1,3,3,0
0.8728,1.94,58.97,2,3,-5,0
0.3451,8.1,37.91,1,1,0,1
0.7453,5.79,82.27,4,2,-3,1
0.6423,3.63,87.41,1,3,-1,0
0.4397,6.9,19.76,1,2,2,1
0.3485,6.77,23.96,4,2,1,1
0.2838,2.89,49.68,3,0,-2,1
0.6024,1.27,12.76,4,0,2,1
0.389,4.9,42.1,0,0,5,1
0.9576,6.13,54.45,1,2,5,1
0.5864,8.89,49.38,1,0,4,0
0.0664,9.35,33.13,3,3,5,0
0.4399,5.76,51.11,2,3,-4,0
0.4272,7.78,86.5,4,1,1,1
0.4261,4.95,22.51,2,2,-1,0
0.5114,7.71,60.66,0,0,5,1
0.2264,2.84,8.69,4,3,0,0
0.6641,4.34,10.65,0,2,-3,0
0.5682,6.71,51.91,0,2,5,0
0.3625,1.16,13.92,0,0,4,1
0.6244,7.5,6.9,5,2,1,0
0.4486,8.52,19.58,4,0,1,1
0.5672,4.59,53.01,4,0,-4,1
0.1849,5.03,64.78,5,0,-5,1
0.9157,8.66,22.21,3,2,4,0
0.203,7.98,61.8,5,2,-4,0
0.3371,3.59,20.51,1,0,2,0
0.1813,3.92,57.14,2,2,5,1
0.3226,7.11,40.02,2,0,4,1
0.5462,6.07,60.57,0,1,-3,0
0.0477,2.46,89.58,4,2,5,1
0.75,3.79,84.71,4,2,-2,0
0.5994,9.1,5.36,0,1,2,0
0.2735,7.19,80.26,1,1,-3,0
0.2059,9.87,10.65,2,1,0,0
0.6077,7.9,86.01,5,0,-4,1
0.6342,9.48,28.96,3,0,-3,1
0.3412,2.95,37.47,1,3,-5,1
0.3626,7.94,12.79,4,1,3,1
0.0976,1.18,14.54,0,3,-2,0
0.8377,7.04,66.77,2,0,0,1
0.4812,5.22,85.27,0,2,1,0
0.579,4.12,56.91,4,1,-4,0
0.1236,8.76,65.85,0,2,2,1
0.3203,8.69,69.77,5,0,3,0
0.1231,1.2,27.34,2,1,4,0
0.6075,6.49,8.84,0,3,5,1
0.7079,4.31,5.16,2,3,-4,0
0.4869,4.74,34.81,0,0,-1,1
0.6241,8.49,25.52,0,2,-4,1
0.543,3.79,10.3,2,0,5,1
0.6932,9.49,20.26,5,2,-1,1
0.7053,2.62,15.58,0,0,1,1
0.1258,6.96,82.76,5,3,0,0
0.3638,7.05,16.92,1,2,-2,0
0.5339,3.27,50.7,3,0,-4,0
0.4211,3.92,55.41,1,1,1,0
0.2945,8.51,51.2,3,3,4,0
0.6442,7.86,13.42,1,3,3,0
0.3032,3.96,32.1,3,1,-5,1
0.5407,5.81,9.36,0,0,-3,1
0.4091,1.56,38.63,2,2,1,1
0.2509,2.88,21.03,2,3,3,0
0.4195,5.37,52.74,4,0,-1,0
0.6721,1.77,63.89,3,1,1,1
0.3213,8.59,50.23,4,2,4,0
0.6015,7.46,41.91,5,0,1,1
0.5141,9.49,37.92,5,0,-2,1
0.1286,7.24,76.54,4,3,-1,0
0.1218,9.46,23.65,3,3,-4,0
0.2925,5.99,67.41,2,2,2,1
0.181,6.4,69.39,3,0,-5,0
0.968,9.79,40.63,5,1,-4,1
0.7341,6.78,30.27,0,1,-3,1
0.413,1.28,45.0,4,2,1,1
0.4178,7.51,12.92,4,0,0,1
0.398,9.15,8.9,5,3,1,1
0.7017,8.16,14.49,3,0,5,1
0.4496,6.25,20.91,4,3,-1,0
0.474,7.04,47.86,2,1,-2,0
0.7075,9.91,77.18,4,2,1,0
