filesystem_score,network_score,process_score,security_score,disk_score,service_score,total_missions_completed,avg_attempts,avg_stars,weakest_category
88.2,80.97,61.61,50.05,31.5,99.26,13,4.22,2.76,disk
67.56,65.69,84.21,60.78,70.98,11.59,4,7.79,1.58,service
58.63,24.88,64.82,96.92,90.94,99.18,7,7.79,1.58,network
53.95,20.5,63.05,67.17,91.73,96.77,6,3.61,2.82,network
99.6,15.29,60.52,88.27,62.65,93.28,5,1.88,2.95,network
83.12,57.91,84.41,9.49,71.27,62.36,12,2.83,2.7,security
94.55,74.81,91.24,70.11,8.58,53.08,4,3.66,1.34,disk
56.52,67.28,33.27,62.32,53.16,56.59,14,5.44,1.13,process
50.89,93.09,58.71,81.09,51.25,18.98,15,1.7,1.56,service
52.98,26.13,84.33,55.72,69.19,72.81,8,1.85,1.55,network
63.7,65.74,55.84,14.56,60.48,72.77,14,1.73,2.3,security
97.68,89.18,83.0,75.88,58.37,39.25,8,1.75,1.73,service
75.6,97.03,6.67,67.61,92.83,69.8,6,3.97,1.46,process
59.07,62.22,91.64,80.72,95.66,13.12,5,1.04,1.77,service
29.97,94.76,75.58,76.61,55.36,72.37,10,2.7,1.17,filesystem
53.64,54.94,70.8,65.27,96.28,18.15,13,4.71,2.26,service
87.73,96.67,61.01,91.82,84.5,35.44,13,3.43,2.44,service
65.85,63.34,22.71,88.89,92.92,92.24,8,5.81,1.28,process
91.65,23.91,92.23,71.57,68.95,95.75,7,6.91,1.71,network
9.16,55.88,82.46,87.3,79.17,98.11,8,3.0,2.67,filesystem
66.95,90.97,56.53,58.67,16.93,70.42,8,6.35,0.74,disk
64.01,52.66,89.78,70.85,13.02,61.59,14,6.84,1.88,disk
77.75,64.36,97.01,88.1,39.04,51.88,7,2.37,0.53,disk
93.71,58.55,71.29,59.36,32.07,73.72,8,3.53,2.63,disk
80.57,58.93,68.81,73.39,70.97,11.24,15,6.34,1.7,service
81.49,19.11,87.62,76.56,83.87,71.42,12,6.77,0.87,network
95.73,83.72,70.19,93.12,59.05,24.05,15,5.38,2.54,service
52.33,71.62,91.37,51.23,83.77,37.64,6,5.86,2.94,service
89.47,76.62,64.61,82.79,27.46,60.47,4,4.04,1.92,disk
84.5,98.57,54.18,95.06,56.31,18.75,14,7.34,1.77,service
60.73,81.7,88.04,99.3,11.31,88.3,8,2.23,1.55,disk
57.82,87.59,24.89,63.73,73.72,66.69,10,7.22,1.92,process
93.05,91.08,56.11,92.43,70.7,13.88,14,4.02,2.52,service
79.07,89.04,59.59,52.5,35.58,53.78,6,5.87,1.52,disk
11.51,90.13,72.91,74.15,56.67,54.03,12,4.48,1.59,filesystem
74.15,14.4,64.37,82.84,98.43,80.18,4,1.53,2.88,network
67.38,6.76,52.64,84.6,72.9,61.33,11,2.77,1.94,network
80.64,37.85,83.09,53.84,67.73,77.53,8,6.84,2.54,network
62.68,66.54,63.49,75.57,20.41,75.62,12,3.71,1.13,disk
37.53,77.84,78.58,64.0,88.47,59.35,7,3.98,1.77,filesystem
80.2,52.73,92.11,82.41,70.2,5.57,11,1.09,0.5,service
91.75,39.11,56.77,61.57,93.42,96.32,9,1.35,0.6,network
71.97,53.02,87.46,78.26,72.39,15.82,10,3.37,2.39,service
67.05,90.17,94.86,23.14,72.78,51.54,14,1.09,2.86,security
88.5,73.12,85.7,86.8,9.84,98.31,13,2.43,0.97,disk
67.84,17.38,91.43,89.46,65.39,95.69,15,3.29,1.39,network
53.78,18.57,90.18,95.09,60.17,53.35,14,3.73,1.85,network
92.18,39.34,89.66,92.69,62.1,98.03,6,7.66,2.99,network
90.92,58.58,33.27,84.64,77.79,84.98,8,1.97,2.16,process
81.87,77.67,50.57,29.38,68.8,97.13,13,5.11,1.13,security
82.05,65.58,23.39,53.3,98.63,68.0,9,3.49,2.21,process
84.19,51.27,29.15,65.81,52.79,80.49,6,3.71,0.7,process
84.08,84.01,83.45,97.12,33.81,52.1,9,3.79,1.28,disk
89.09,67.77,78.71,91.65,84.41,5.74,8,2.01,1.08,service
86.41,80.01,30.59,88.49,98.77,78.68,8,5.54,0.67,process
68.81,96.16,24.07,63.49,85.12,82.95,15,2.86,2.18,process
39.53,68.71,68.53,90.64,97.36,99.3,13,3.63,0.71,filesystem
53.84,5.15,83.52,82.09,70.54,74.48,8,1.17,1.34,network
78.86,17.5,89.38,62.55,78.2,67.93,11,2.68,0.98,network
69.81,98.19,76.95,15.08,56.01,85.18,11,3.62,2.88,security
56.52,82.17,11.9,54.88,58.34,96.19,13,3.48,2.14,process
88.11,79.59,11.72,83.33,81.17,80.12,9,4.7,1.34,process
75.59,21.92,69.14,91.96,57.27,75.28,4,1.5,1.93,network
8.1,56.03,73.04,60.32,68.21,75.17,12,1.28,2.5,filesystem
81.97,56.45,71.52,14.61,94.39,52.03,14,6.83,1.24,security
89.12,39.74,62.03,93.72,91.53,61.23,8,3.87,2.95,network
85.59,39.34,78.48,62.98,71.85,79.68,4,5.36,2.95,network
84.65,50.25,71.39,59.87,36.88,58.73,7,4.62,1.16,disk
95.76,70.67,71.18,85.13,38.0,63.35,9,6.57,2.02,disk
24.38,65.28,69.85,72.36,80.03,75.78,15,4.48,2.98,filesystem
95.87,15.17,73.5,94.51,85.39,53.11,5,1.05,2.08,network
93.55,67.12,88.49,24.65,94.14,76.39,10,5.05,2.37,security
66.23,97.26,64.13,21.13,83.57,58.11,9,6.17,2.67,security
52.72,31.2,65.88,50.01,75.56,52.34,7,5.95,0.66,network
96.04,98.42,23.92,72.91,97.25,83.68,4,4.26,1.1,process
92.36,65.49,59.81,77.41,72.65,35.72,5,2.8,2.38,service
78.29,95.84,33.03,72.56,85.93,79.31,9,2.35,1.66,process
56.92,99.14,13.75,53.67,83.16,79.77,8,3.96,2.46,process
88.99,9.14,50.0,85.61,67.83,62.72,4,4.78,2.63,network
57.82,71.85,69.84,31.02,79.04,69.41,6,2.59,1.94,security
62.62,86.59,58.24,67.57,14.27,67.49,12,3.57,1.89,disk
39.65,57.0,75.92,93.87,87.04,84.85,12,3.52,1.23,filesystem
27.79,81.05,67.62,92.07,73.56,98.96,11,1.88,2.19,filesystem
89.0,88.56,61.41,37.28,79.63,69.0,10,5.24,1.9,security
77.22,58.42,88.02,39.47,97.29,59.86,14,5.93,1.63,security
13.41,53.79,56.44,56.4,57.6,56.94,11,2.27,1.36,filesystem
76.3,84.39,14.57,86.82,52.58,52.46,8,3.47,1.29,process
93.35,87.34,92.89,22.32,56.55,84.81,6,4.09,0.66,security
96.94,90.25,92.53,24.27,91.29,65.18,8,3.22,1.67,security
89.29,73.12,97.05,22.02,73.13,89.25,13,4.88,0.95,security
51.52,66.41,95.41,54.85,26.22,72.57,15,1.86,1.03,disk
13.47,50.62,73.44,65.06,79.92,64.86,7,6.2,0.62,filesystem
69.33,22.89,74.62,78.86,93.28,99.04,8,6.79,2.41,network
57.78,81.52,86.77,92.98,97.03,12.06,7,2.68,1.4,service
63.15,68.77,74.89,67.16,13.47,69.93,4,6.41,0.93,disk
97.04,9.35,93.76,98.55,58.86,86.1,4,3.84,1.79,network
72.96,15.62,96.63,55.93,96.69,84.19,10,1.23,1.69,network
31.54,84.8,57.69,90.79,61.22,61.19,10,5.15,1.95,filesystem
83.95,93.68,71.61,70.64,31.75,79.13,4,7.24,0.58,disk
54.14,21.96,65.12,78.17,90.19,56.86,10,4.54,0.86,network
84.76,70.9,78.28,27.72,67.51,95.85,5,5.7,0.51,security
78.11,77.64,9.02,56.31,76.48,63.44,4,6.06,0.58,process
89.43,58.36,51.42,81.47,39.16,66.56,5,4.99,2.77,disk
62.14,99.58,59.87,78.78,37.38,57.34,15,7.63,2.71,disk
67.77,28.42,74.19,70.92,67.89,79.69,10,2.13,1.68,network
35.04,71.45,87.54,87.73,55.16,95.13,10,6.79,1.3,filesystem
39.99,99.83,77.77,88.45,97.24,92.48,6,4.15,0.82,filesystem
99.69,86.45,97.62,91.75,36.6,90.72,9,2.76,1.43,disk
28.22,50.25,58.04,77.44,84.59,82.6,6,5.99,1.09,filesystem
59.69,67.29,67.89,5.3,91.96,51.6,15,7.24,1.84,security
90.72,14.81,56.61,71.99,82.2,69.05,4,5.2,2.76,network
93.7,99.89,62.23,92.11,91.15,13.08,5,7.86,1.24,service
90.9,96.5,24.08,83.07,95.16,54.93,6,5.96,2.56,process
32.02,51.36,53.26,73.2,95.46,76.94,9,1.74,2.14,filesystem
8.2,93.87,63.28,56.48,94.44,97.78,14,6.67,2.14,filesystem
70.39,10.64,82.82,98.56,78.11,85.74,4,3.92,0.79,network
77.03,92.48,74.01,18.06,74.66,78.96,6,7.31,2.19,security
38.44,50.91,59.79,50.38,82.37,94.9,6,7.49,0.65,filesystem
29.37,66.99,86.24,53.27,65.76,76.97,13,3.23,2.06,filesystem
50.75,63.23,75.7,78.66,37.4,82.27,8,7.51,2.46,disk
96.23,55.63,54.74,16.66,68.68,60.72,11,4.1,0.59,security
76.55,84.15,81.87,94.07,79.3,32.25,6,5.75,2.76,service
89.61,98.07,71.35,75.63,57.34,24.29,5,5.28,2.83,service
73.55,28.17,87.56,87.69,78.89,95.22,13,6.3,0.64,network
15.21,84.75,93.01,88.99,51.98,74.03,5,2.69,2.97,filesystem
91.31,86.57,99.47,63.63,35.62,88.33,8,6.14,0.76,disk
81.18,74.08,70.03,99.31,91.06,20.22,12,2.89,0.75,service
95.48,81.69,53.6,36.82,97.89,53.89,10,3.12,1.48,security
64.03,77.84,85.44,56.72,33.49,80.31,15,3.38,0.77,disk
97.88,24.8,75.72,54.25,77.44,69.0,11,3.72,1.1,network
83.36,64.17,82.0,80.38,10.37,60.34,11,1.9,1.16,disk
16.78,56.72,53.17,99.5,66.12,90.49,7,5.77,2.4,filesystem
55.37,92.31,86.79,60.59,10.09,65.81,15,2.8,1.64,disk
56.08,60.75,51.86,57.04,95.87,21.08,4,7.72,2.7,service
96.63,78.78,9.41,79.09,88.32,70.32,14,5.54,2.75,process
16.31,75.94,85.15,68.18,98.59,98.12,7,4.48,1.25,filesystem
59.04,32.97,66.71,86.54,71.0,78.92,13,6.63,2.67,network
81.51,13.69,85.27,71.38,72.13,82.47,15,1.45,2.56,network
60.19,67.02,73.83,15.36,75.75,58.27,15,1.76,2.83,security
69.76,6.38,73.78,77.15,61.39,98.2,14,6.06,1.83,network
62.12,83.94,61.55,75.45,36.07,84.69,8,3.61,1.64,disk
57.71,24.38,77.09,88.1,91.68,72.02,7,2.82,0.99,network
67.34,51.83,59.32,87.34,66.27,28.39,12,5.07,2.9,service
23.46,85.97,94.51,53.97,86.57,59.37,14,6.73,1.85,filesystem
75.63,64.54,21.43,92.89,65.25,59.63,5,3.09,2.45,process
51.51,55.27,98.27,97.04,59.7,10.66,6,4.61,1.92,service
58.34,89.87,30.2,54.31,73.19,58.7,8,1.13,1.5,process
78.98,64.33,68.35,54.19,6.83,62.67,4,1.73,2.53,disk
71.26,6.31,56.39,88.28,50.0,70.83,10,1.38,2.93,network
76.88,83.18,89.2,18.82,82.3,57.53,15,3.68,2.32,security
59.79,74.26,89.24,74.27,66.77,7.88,10,2.9,2.04,service
96.24,92.59,76.21,61.45,9.26,68.17,7,4.55,2.92,disk
58.8,87.17,62.6,20.9,69.29,99.1,8,1.56,0.72,security
77.93,92.5,99.8,75.41,67.26,11.51,4,4.56,1.89,service
71.53,55.96,22.93,67.44,68.74,81.07,12,1.77,0.59,process
59.78,88.23,51.18,68.77,55.54,17.34,6,3.61,1.54,service
87.42,87.94,97.66,52.71,25.89,71.39,7,1.63,1.91,disk
8.35,51.18,82.1,80.35,77.33,61.6,8,5.16,1.74,filesystem
54.18,5.67,58.29,94.54,62.08,67.71,5,2.56,1.8,network
11.21,87.53,90.34,99.53,70.63,68.6,13,3.39,2.83,filesystem
50.34,12.44,83.18,70.56,70.12,94.23,14,7.36,1.28,network
98.85,8.57,50.42,71.68,54.63,87.42,14,4.04,1.15,network
86.72,68.36,50.94,55.03,22.37,84.5,8,5.87,2.25,disk
94.52,63.5,51.75,63.05,63.94,36.83,11,1.57,0.84,service
18.29,79.51,63.4,81.21,70.47,77.6,9,3.06,2.87,filesystem
18.63,64.43,67.78,85.95,64.86,78.32,9,5.65,2.84,filesystem
82.94,68.27,73.52,63.33,67.24,27.72,14,2.29,2.6,service
75.61,68.01,73.25,84.49,35.94,60.35,15,6.71,2.95,disk
57.18,85.5,76.69,10.03,50.46,90.41,6,5.24,1.34,security
88.22,26.83,88.12,51.95,91.86,80.98,10,5.37,2.66,network
21.11,93.23,77.33,69.02,98.84,55.54,9,1.29,2.35,filesystem
54.21,90.59,85.95,86.48,8.51,85.89,12,6.82,0.6,disk
79.96,75.69,15.09,50.32,74.81,64.28,12,1.17,1.96,process
89.15,72.13,21.98,88.9,69.12,72.16,8,3.57,1.81,process
29.41,84.01,80.93,87.64,57.93,94.04,14,1.2,2.56,filesystem
11.08,85.6,91.3,55.03,61.99,57.1,8,4.15,2.37,filesystem
95.61,94.64,82.7,83.61,5.19,99.24,14,7.27,2.15,disk
81.87,90.09,21.32,68.08,55.42,93.8,13,2.18,1.78,process
69.16,12.57,72.13,52.42,91.02,91.32,11,3.47,2.5,network
58.23,50.28,52.14,62.2,55.71,23.67,14,6.16,1.04,service
93.5,9.57,89.53,56.24,89.71,63.79,14,7.61,0.87,network
51.92,68.41,39.27,71.04,75.1,95.5,12,5.07,2.49,process
38.9,89.94,64.64,99.0,80.09,79.12,12,6.68,2.14,filesystem
15.03,79.54,51.53,51.87,91.13,68.01,5,4.66,2.42,filesystem
69.9,66.6,81.22,91.28,96.84,33.11,9,5.44,2.64,service
82.75,72.14,97.45,13.61,76.6,74.12,12,1.48,0.98,security
53.98,71.48,77.72,16.51,86.02,82.19,7,6.28,2.12,security
79.35,25.33,99.53,87.84,72.11,85.37,8,2.6,1.99,network
59.78,82.08,90.86,78.01,13.93,63.13,4,3.14,2.36,disk
63.71,55.68,55.7,67.38,88.14,26.28,5,6.97,2.0,service
82.14,85.88,39.18,68.86,90.09,71.73,14,2.26,2.87,process
60.99,71.93,89.1,32.44,72.66,89.61,14,5.58,1.07,security
93.54,50.21,51.05,73.29,61.94,29.14,10,1.54,0.91,service
69.4,59.28,89.61,70.8,54.67,21.95,5,1.9,1.1,service
50.76,61.01,64.1,20.53,58.56,93.66,12,1.6,2.13,security
19.24,93.54,89.12,78.35,86.92,93.93,8,3.29,2.17,filesystem
57.65,53.45,99.79,15.11,57.46,62.05,15,4.64,1.41,security
59.96,36.16,64.37,68.39,52.9,55.58,10,2.87,2.59,network
64.28,98.08,65.64,8.43,76.34,52.85,5,2.54,1.66,security
57.72,22.05,71.5,79.85,99.98,88.47,8,6.79,0.93,network
83.21,71.33,94.46,34.58,76.27,84.58,14,4.47,1.28,security
59.95,67.39,26.71,77.24,56.28,64.49,6,2.49,1.53,process
69.98,16.44,50.54,91.33,90.05,55.22,10,4.25,0.8,network
79.14,33.44,66.35,65.29,70.14,83.63,12,3.21,0.83,network
86.58,71.97,64.89,72.8,7.49,89.93,6,6.08,0.67,disk
55.75,84.74,72.08,38.07,57.08,82.14,8,7.7,1.32,security
33.49,80.76,65.31,81.19,76.35,71.3,5,7.21,1.62,filesystem
74.32,66.7,8.74,61.94,97.46,65.25,6,4.22,1.27,process
64.62,20.54,51.1,65.05,75.13,52.81,9,7.49,0.76,network
50.27,87.41,95.15,9.89,54.81,71.23,15,4.8,1.82,security
20.31,95.21,67.41,75.7,89.18,69.83,11,7.04,2.87,filesystem
92.91,65.49,98.56,55.89,38.54,54.55,6,1.33,2.26,disk
96.59,60.34,67.91,10.23,75.5,73.03,14,7.51,1.46,security
50.18,51.38,91.19,59.97,53.04,13.3,9,6.11,2.06,service
50.51,27.26,95.66,80.63,93.68,86.2,5,7.32,0.67,network
57.74,38.07,86.83,94.15,60.13,79.38,12,5.76,1.52,network
84.63,79.61,93.93,67.84,15.5,60.69,4,1.3,2.68,disk
66.57,28.65,69.8,87.81,72.71,70.61,15,2.76,0.8,network
71.44,93.49,72.45,98.96,97.99,16.52,14,6.93,1.03,service
21.15,81.86,82.97,94.76,81.83,80.7,4,4.63,0.88,filesystem
90.96,99.81,66.48,69.08,26.63,85.92,8,7.33,1.9,disk
81.14,70.64,92.99,13.81,99.05,80.69,13,1.6,0.96,security
67.59,77.17,7.55,89.51,60.89,83.85,13,4.93,2.35,process
77.96,75.74,8.49,50.8,98.18,68.85,11,1.56,2.21,process
34.39,69.19,78.59,79.39,59.22,68.11,8,1.18,0.56,filesystem
63.8,31.9,61.31,84.62,61.67,81.27,12,2.53,0.65,network
33.33,90.51,93.35,95.66,75.57,75.08,13,5.55,2.25,filesystem
28.97,58.13,95.55,91.13,97.49,86.29,11,3.93,2.83,filesystem
92.77,54.59,91.72,68.04,26.43,57.64,4,2.51,0.82,disk
62.24,60.88,56.83,77.57,80.27,29.69,12,3.05,1.33,service
90.21,59.03,70.33,67.78,32.69,75.51,5,6.17,1.49,disk
69.76,11.36,57.84,91.37,52.1,70.96,6,7.16,1.89,network
92.27,86.36,39.33,57.78,61.28,60.59,13,2.31,0.67,process
93.71,67.95,52.27,92.28,36.89,91.03,5,7.99,1.15,disk
51.5,69.86,78.57,97.66,23.09,90.96,10,1.29,1.29,disk
72.43,81.31,57.32,59.45,35.08,62.81,8,7.1,2.16,disk
92.38,87.95,64.85,71.33,59.3,8.89,12,2.87,2.55,service
50.91,86.12,91.78,69.96,20.68,92.56,13,3.02,1.31,disk
93.83,96.41,76.44,87.69,20.38,87.3,6,3.6,2.09,disk
71.03,54.94,52.12,83.7,76.87,20.55,11,6.79,1.57,service
52.0,68.11,33.92,85.07,72.97,52.76,9,4.28,2.82,process
52.2,82.68,88.7,90.69,22.27,60.27,12,5.9,1.12,disk
79.55,99.46,58.34,6.63,88.98,62.63,13,5.93,2.86,security
34.95,91.51,69.86,83.4,60.25,64.66,14,1.09,0.71,filesystem
74.65,66.51,8.74,97.67,53.01,64.88,7,3.24,0.91,process
83.78,75.44,35.15,93.3,50.5,88.9,9,7.92,1.71,process
99.78,53.83,73.65,90.1,89.45,31.6,8,4.18,1.99,service
64.83,57.96,71.77,70.09,25.15,79.17,12,4.57,0.76,disk
83.07,95.56,70.19,60.39,27.71,93.56,12,7.08,1.84,disk
55.28,90.64,25.26,80.91,89.07,85.16,14,1.39,2.37,process
85.2,74.63,95.74,74.46,20.76,59.97,7,1.3,2.08,disk
80.15,33.93,99.2,64.42,98.06,69.47,8,3.38,1.85,network
66.15,73.19,70.75,57.45,97.89,19.15,14,2.33,1.87,service
59.21,52.85,25.57,92.02,50.87,52.45,10,6.74,1.32,process
93.82,64.9,50.59,65.03,25.23,68.8,10,7.14,2.78,disk
78.32,73.59,74.79,30.63,54.39,83.41,14,1.4,0.85,security
82.71,36.12,78.94,81.62,57.82,73.7,12,2.9,1.01,network
51.97,51.09,32.11,56.72,73.39,80.29,9,1.19,2.46,process
61.86,63.13,75.22,31.04,75.16,53.39,12,6.64,1.22,security
92.44,50.5,96.86,81.38,16.26,62.32,4,2.65,0.84,disk
85.46,76.61,73.89,61.17,29.7,59.54,10,2.77,2.89,disk
39.44,83.4,81.73,58.3,94.1,71.37,5,1.09,1.9,filesystem
75.76,99.51,26.4,68.55,88.61,58.52,8,3.43,1.58,process
57.79,94.02,71.69,19.42,51.78,74.9,10,4.91,2.27,security
84.46,99.03,98.28,58.05,59.06,24.79,11,6.18,0.95,service
68.03,89.92,76.2,78.6,34.86,90.3,5,6.0,1.59,disk
66.79,80.75,37.44,98.1,75.45,72.64,7,7.71,0.86,process
22.7,92.04,86.64,77.11,79.52,75.42,7,4.96,2.22,filesystem
52.38,60.96,85.31,89.13,20.94,84.9,8,2.12,1.5,disk
72.17,79.29,98.8,23.63,95.27,54.15,6,4.09,1.96,security
94.08,33.49,84.26,55.52,64.46,65.49,6,4.61,1.84,network
38.95,92.11,91.92,73.43,70.74,63.67,4,7.05,2.53,filesystem
61.41,13.63,74.2,87.37,73.69,52.89,15,7.6,2.46,network
83.77,77.45,50.18,52.0,60.04,11.51,7,3.13,1.4,service
86.53,76.09,53.71,11.72,92.0,86.25,14,1.82,2.98,security
93.13,69.64,50.22,63.69,79.88,32.97,5,1.77,2.81,service
85.64,94.1,68.56,53.77,97.92,20.23,11,5.66,1.87,service
54.04,69.36,80.01,75.68,29.31,52.77,7,6.73,0.7,disk
66.06,12.7,67.53,68.63,53.44,68.48,9,6.06,2.14,network
99.16,81.75,72.14,74.56,84.12,8.56,7,1.53,0.68,service
60.11,60.7,50.29,65.05,31.21,89.71,6,7.71,1.76,disk
81.17,82.22,85.7,64.63,66.12,20.33,7,7.89,2.54,service
72.52,82.33,97.64,89.73,6.4,66.62,9,3.2,2.25,disk
58.41,59.5,21.12,64.31,62.37,82.26,11,6.77,1.54,process
27.21,89.9,69.8,95.75,76.65,57.9,12,6.55,1.29,filesystem
63.18,63.96,37.57,51.23,84.83,86.27,14,7.82,2.94,process
10.25,66.23,86.87,73.8,68.79,69.72,9,6.5,2.73,filesystem
57.01,94.33,86.49,58.23,78.29,15.94,6,7.01,1.51,service
10.73,58.21,90.73,83.26,76.15,67.94,14,3.75,2.54,filesystem
86.1,90.53,70.59,87.32,70.2,28.74,13,7.94,1.36,service
89.09,74.21,32.79,78.82,67.1,90.5,6,2.57,1.76,process
98.65,57.66,63.46,79.53,26.36,57.7,13,6.5,1.09,disk
20.61,59.26,77.1,93.65,86.61,90.33,11,5.85,2.62,filesystem
58.28,70.14,67.17,70.05,88.06,21.89,15,3.06,1.54,service
77.53,90.84,97.98,32.74,80.19,74.67,4,7.89,1.46,security
82.86,71.95,52.24,37.2,73.51,51.45,12,4.37,0.81,security
74.32,75.25,58.82,33.45,77.09,56.55,13,7.53,2.87,security
74.07,52.22,90.88,99.49,70.34,5.38,6,5.57,2.03,service
78.92,84.46,55.34,91.06,20.24,53.62,13,3.64,0.75,disk
65.24,59.09,54.3,29.99,59.81,84.5,8,3.91,1.67,security
96.41,37.52,67.1,76.38,60.58,99.78,15,5.55,2.51,network
67.62,52.16,11.27,69.61,97.39,57.06,13,1.76,2.95,process
88.93,92.77,71.78,68.91,87.39,36.95,13,2.59,2.72,service
88.15,87.97,94.3,86.45,37.47,66.63,10,1.1,0.52,disk
87.09,34.69,71.13,65.15,66.26,85.63,13,2.27,1.43,network
81.57,23.64,55.77,80.28,55.86,66.86,5,5.84,1.02,network
71.57,72.3,65.43,80.37,59.26,26.94,6,1.45,1.33,service
75.35,84.37,81.66,90.54,6.57,64.82,7,2.02,1.22,disk
73.49,72.77,25.38,67.84,58.21,75.19,13,5.65,1.35,process
85.92,35.19,58.96,90.0,77.64,69.83,5,7.06,0.89,network
80.59,18.07,62.77,55.29,67.74,70.66,12,5.61,0.68,network
82.11,51.54,86.19,95.27,32.85,79.19,12,7.93,0.73,disk
54.23,21.33,74.11,92.05,61.06,69.05,13,6.77,1.46,network
60.29,67.62,9.41,56.49,83.81,92.93,15,5.4,0.96,process
60.86,68.68,66.65,58.81,26.25,73.83,14,1.22,2.11,disk
78.19,60.25,30.97,52.61,92.63,59.91,14,3.47,2.31,process
82.54,93.34,36.29,95.99,54.74,77.21,12,6.3,2.02,process
89.78,73.86,56.54,13.24,96.63,92.98,12,4.38,1.8,security
98.58,16.6,74.1,59.8,80.54,64.03,6,4.62,0.51,network
92.4,68.38,79.55,75.19,27.61,98.64,4,5.02,2.66,disk
66.65,83.47,60.81,25.68,95.66,89.89,15,7.85,0.53,security
56.96,50.17,62.26,85.23,8.47,95.44,6,2.43,0.95,disk
98.95,75.09,20.92,87.67,56.62,77.35,10,1.63,1.54,process
51.88,68.36,77.11,10.18,87.32,50.42,6,5.07,2.29,security
66.03,77.62,52.53,6.54,86.02,72.22,7,2.33,2.17,security
85.63,81.75,69.36,95.45,98.48,11.08,6,4.68,0.73,service
32.91,57.5,61.46,86.11,86.0,82.06,12,4.8,1.13,filesystem
67.96,64.64,58.72,89.58,97.77,19.48,15,6.77,1.7,service
79.11,17.99,80.05,85.28,84.42,68.73,6,4.01,0.86,network
72.47,25.51,81.24,53.59,84.13,62.1,12,6.76,2.51,network
59.88,71.54,75.09,95.06,63.04,35.37,11,1.14,2.31,service
76.22,90.3,67.67,27.48,62.28,55.46,13,1.69,1.18,security
91.64,50.96,55.61,99.53,64.02,39.14,6,3.53,2.38,service
74.04,99.6,84.33,34.45,70.74,88.39,4,1.86,1.01,security
53.89,97.77,13.64,92.98,58.44,92.7,4,4.58,2.42,process
95.68,76.27,86.25,71.8,27.05,67.03,7,5.05,1.75,disk
30.53,88.28,57.95,80.51,56.77,87.57,11,7.7,0.67,filesystem
24.88,95.77,51.7,84.87,64.87,96.22,15,7.61,1.69,filesystem
90.73,96.81,22.97,97.51,76.78,69.71,14,4.45,1.68,process
93.22,72.84,21.63,69.3,98.34,84.86,4,7.04,1.7,process
28.36,54.78,81.19,72.59,79.33,58.4,12,7.04,1.04,filesystem
96.74,95.46,33.69,94.41,59.96,64.21,7,3.64,1.48,process
85.78,90.0,67.31,58.63,5.09,72.55,8,4.88,0.97,disk
76.49,66.09,53.75,94.78,33.09,56.98,13,5.38,1.52,disk
58.31,67.47,87.09,87.84,28.34,61.7,11,4.99,1.71,disk
96.01,52.46,78.67,34.88,62.1,93.81,4,6.13,2.83,security
64.76,13.13,64.05,90.17,96.46,70.26,14,3.25,1.69,network
65.76,55.77,55.35,30.18,92.73,62.85,4,2.56,0.64,security
66.23,14.43,59.55,84.73,60.94,79.77,7,5.63,2.54,network
89.76,81.54,79.38,67.68,21.89,79.87,9,5.89,1.58,disk
32.85,94.5,66.9,68.78,54.7,78.91,4,4.26,1.86,filesystem
87.47,77.28,12.14,64.6,87.43,74.13,6,7.77,2.29,process
8.47,70.07,90.0,60.2,77.75,86.65,11,2.32,1.39,filesystem
73.39,53.54,79.91,63.22,23.47,75.87,15,4.84,1.96,disk
66.89,70.92,75.43,21.69,63.53,51.46,11,3.77,1.25,security
52.68,57.02,81.13,12.27,75.2,77.24,7,7.64,2.61,security
80.52,91.75,29.86,55.63,86.8,63.75,11,3.39,2.99,process
79.75,54.51,80.3,8.14,97.96,85.78,13,5.93,1.97,security
53.26,91.09,27.62,82.37,56.42,82.51,15,7.38,1.6,process
18.95,57.32,68.38,53.41,51.29,56.76,15,4.85,2.91,filesystem
54.41,70.68,31.26,84.67,99.53,63.89,9,3.31,1.6,process
56.52,65.46,55.84,39.51,65.43,56.52,6,5.11,0.66,security
66.35,72.12,82.35,74.71,26.71,77.21,12,5.94,1.84,disk
97.33,62.33,83.42,87.01,20.68,96.88,12,4.21,1.92,disk
60.49,79.95,54.45,52.91,18.03,86.03,10,3.96,1.91,disk
88.52,74.98,65.26,39.08,83.17,70.41,7,6.12,1.11,security
24.02,95.32,81.21,55.84,96.99,81.39,8,1.97,2.49,filesystem
90.44,68.09,23.35,83.54,63.47,63.88,15,6.06,1.94,process
26.64,55.06,54.21,85.05,53.64,91.09,12,1.57,0.71,filesystem
97.25,77.41,97.66,59.01,86.21,33.43,12,5.25,1.91,service
34.01,71.54,62.44,80.86,85.34,58.35,6,1.26,2.34,filesystem
81.69,94.01,94.39,97.88,35.37,50.11,8,6.73,1.42,disk
72.57,69.21,71.62,98.96,8.1,96.11,9,5.37,2.58,disk
89.6,56.36,69.93,10.96,62.74,63.16,10,3.88,2.87,security
84.91,81.19,59.45,73.47,30.21,76.47,8,3.26,2.03,disk
50.02,90.29,53.96,11.7,69.31,74.24,8,3.24,2.91,security
54.45,93.06,90.66,51.67,8.19,52.46,8,4.57,1.83,disk
84.08,66.95,78.57,72.37,82.96,6.77,9,3.07,1.32,service
71.43,67.92,72.03,75.97,81.6,33.02,9,6.72,1.83,service
27.78,76.65,66.22,66.65,83.47,99.71,11,4.9,2.33,filesystem
72.48,90.28,58.08,64.64,83.98,16.04,13,1.91,2.41,service
91.83,62.44,71.61,83.4,20.03,72.06,4,3.81,2.41,disk
76.0,91.51,70.96,59.7,14.97,75.26,10,6.64,2.48,disk
83.71,90.21,82.96,18.93,75.68,90.15,8,3.72,0.74,security
75.63,63.39,72.75,21.48,85.33,97.03,7,1.3,1.74,security
78.03,26.99,84.43,62.66,50.5,86.17,10,6.85,2.55,network
62.7,92.99,85.01,77.39,26.33,54.55,9,2.36,1.02,disk
95.85,85.34,86.12,54.25,12.7,50.44,12,3.41,2.47,disk
59.96,35.71,86.94,50.69,62.42,60.72,7,2.73,0.66,network
71.65,53.55,74.39,85.11,22.96,93.61,7,1.6,2.84,disk
81.95,54.07,20.23,64.63,77.27,56.67,12,6.57,0.91,process
79.27,65.78,54.35,12.8,59.4,71.4,11,2.85,0.53,security
65.36,95.25,93.47,61.88,54.06,26.95,8,5.7,0.58,service
50.53,88.09,36.27,71.64,76.78,73.85,8,7.21,2.73,process
66.81,64.72,93.64,89.85,75.75,9.58,6,5.59,1.46,service
58.79,61.77,22.3,95.74,60.59,57.21,13,4.5,2.78,process
31.81,89.42,83.25,63.01,95.36,83.54,10,1.78,1.62,filesystem
91.53,67.77,64.08,92.04,52.51,18.88,8,2.99,2.78,service
63.79,89.83,64.41,59.72,98.7,17.66,11,5.27,1.9,service
59.64,59.56,88.44,14.3,88.36,60.29,7,4.26,2.86,security
65.98,90.52,84.49,30.37,84.91,65.55,5,2.91,2.58,security
63.27,26.4,83.92,65.88,92.41,97.36,14,6.17,1.19,network
84.0,94.86,56.81,62.52,77.14,32.97,4,7.89,1.64,service
78.32,57.47,73.46,91.56,5.54,63.65,4,3.91,2.32,disk
90.35,21.09,77.33,71.64,52.19,58.29,9,2.46,0.62,network
58.44,91.09,88.46,25.89,66.86,63.13,5,4.57,1.96,security
68.07,35.09,70.34,66.41,72.7,88.12,5,2.37,2.88,network
81.02,30.98,58.49,59.75,94.52,87.5,14,6.31,1.99,network
6.59,64.05,97.52,94.51,72.78,81.01,7,2.32,1.66,filesystem
92.22,72.66,86.32,54.78,69.8,39.41,13,2.12,1.19,service
87.54,63.28,78.59,94.72,21.63,97.26,6,1.52,2.73,disk
73.85,30.14,62.37,82.03,83.33,58.13,10,6.4,1.75,network
75.52,98.47,84.66,7.48,59.47,88.57,14,5.32,2.11,security
31.98,55.33,53.76,86.41,74.77,84.42,9,2.72,2.55,filesystem
97.44,63.4,33.4,52.77,76.91,53.53,15,6.36,2.14,process
57.57,89.92,29.75,59.52,68.34,55.29,11,1.85,2.96,process
12.28,51.33,59.07,79.15,71.07,94.63,13,3.39,1.15,filesystem
91.06,74.65,92.34,80.04,28.86,99.68,6,5.37,1.65,disk
92.66,92.81,8.47,54.54,63.13,93.74,5,6.04,0.75,process
87.55,53.2,85.73,76.36,95.04,15.95,10,4.51,1.72,service
94.5,17.11,57.72,51.27,82.29,81.85,8,1.5,1.52,network
65.96,95.3,9.43,58.93,74.65,54.1,6,7.61,2.94,process
80.39,15.34,56.83,82.58,86.93,65.78,11,3.77,2.28,network
99.34,87.73,13.7,76.92,99.61,92.88,5,5.94,1.36,process
99.71,77.78,58.51,16.06,71.22,65.47,7,7.81,0.88,security
99.3,96.89,93.11,94.46,21.37,82.87,14,3.75,2.9,disk
95.73,54.55,82.41,19.46,70.28,83.98,4,5.16,2.43,security
66.26,36.53,99.81,91.27,92.24,62.45,10,1.47,0.74,network
61.3,27.42,98.95,80.17,67.89,82.39,5,7.22,1.76,network
50.92,87.78,63.27,65.5,76.4,12.56,14,1.6,1.61,service
78.11,50.29,7.75,94.06,53.89,85.34,15,2.89,1.43,process
28.91,53.81,92.56,74.76,74.03,79.62,13,3.43,2.2,filesystem
85.72,31.57,55.13,75.69,75.44,68.46,15,6.79,2.24,network
74.69,18.57,81.64,85.19,50.22,58.35,12,5.66,2.92,network
98.08,72.24,22.12,67.58,95.48,78.45,13,6.68,1.35,process
63.43,74.74,8.01,77.96,75.14,57.22,9,3.34,1.8,process
74.32,64.92,81.9,15.09,61.8,86.53,4,1.66,0.52,security
75.28,37.94,93.82,55.13,69.64,77.67,10,2.36,2.65,network
15.9,80.52,85.81,63.63,70.68,56.09,6,5.77,0.95,filesystem
75.95,80.29,98.14,25.63,73.56,78.67,15,6.8,1.31,security
88.13,60.07,61.71,76.06,11.02,65.27,7,2.12,1.01,disk
79.33,72.77,23.13,50.37,71.13,85.9,9,6.13,1.08,process
35.57,81.81,88.06,58.0,73.08,50.47,6,6.09,2.98,filesystem
56.09,79.72,67.24,51.75,77.08,18.57,5,6.61,2.79,service
14.41,89.88,65.52,72.76,50.58,53.62,8,4.36,2.0,filesystem
65.34,51.8,96.64,67.26,8.73,74.59,13,2.55,1.17,disk
86.61,88.85,93.62,12.55,54.19,74.14,10,6.8,1.61,security
58.13,97.99,34.81,93.19,70.34,88.12,5,1.06,0.55,process
97.75,59.65,94.14,90.47,38.88,73.89,12,3.59,0.96,disk
80.84,54.69,89.05,99.58,76.56,28.9,6,4.06,2.64,service
83.33,7.8,72.09,58.17,59.22,60.11,8,1.36,1.49,network
99.72,61.64,6.88,59.49,51.95,69.59,13,3.39,1.61,process
30.81,75.61,84.01,52.08,54.24,85.82,4,1.5,0.53,filesystem
84.36,54.79,96.13,24.9,68.19,87.83,7,5.85,0.6,security
60.47,50.59,99.87,14.84,83.4,58.83,10,7.33,1.3,security
95.17,55.22,99.13,93.01,29.08,96.94,12,2.33,1.61,disk
92.77,79.37,94.45,96.89,6.88,75.05,8,5.38,2.48,disk
50.28,59.32,54.99,68.17,22.55,52.17,8,2.25,2.12,disk
9.19,85.66,88.04,78.06,88.55,74.69,10,3.99,0.56,filesystem
12.67,98.79,66.84,59.11,89.48,82.94,9,4.89,2.3,filesystem
85.73,80.19,15.46,70.54,60.88,98.3,5,3.6,0.56,process
87.67,31.91,82.93,88.31,92.3,80.68,5,4.41,0.69,network
50.73,18.27,66.87,50.97,56.22,70.68,9,3.83,1.83,network
88.39,55.7,27.54,91.72,78.87,82.32,9,4.7,0.59,process
65.67,32.61,94.59,71.69,95.5,68.87,15,1.63,2.22,network
57.22,54.68,5.58,93.68,61.82,60.58,12,3.24,1.77,process
63.04,50.45,27.69,75.55,72.28,98.35,10,7.04,0.85,process
63.3,73.11,77.46,97.46,39.95,61.77,12,3.65,0.52,disk
97.86,71.36,21.63,94.9,76.25,85.36,7,4.13,0.81,process
75.13,63.56,97.38,73.19,52.94,30.52,7,5.57,1.2,service
9.51,66.76,87.18,58.04,90.9,91.61,10,1.04,1.22,filesystem
97.72,55.78,97.31,86.67,27.31,82.26,13,1.75,1.76,disk
98.51,20.32,61.75,85.24,90.86,77.32,15,1.36,1.76,network
61.31,15.65,65.2,61.52,50.07,86.47,15,2.57,2.16,network
52.6,55.68,5.14,99.97,90.11,89.34,10,3.1,0.88,process
87.76,25.53,91.42,54.01,73.84,81.5,13,6.48,1.19,network
75.97,59.88,33.18,59.29,54.25,71.81,11,4.06,1.19,process
12.73,54.12,84.02,82.73,63.66,97.54,5,4.03,2.86,filesystem
72.93,78.23,28.21,83.95,96.59,99.85,12,3.01,2.7,process
93.77,65.12,35.05,92.86,88.23,57.33,12,7.62,2.21,process
57.51,82.99,66.18,67.06,83.1,21.34,13,2.09,2.47,service
69.76,30.49,67.29,83.55,90.27,97.34,8,6.48,1.16,network
61.57,56.82,59.83,6.94,59.91,50.46,11,3.21,2.93,security
95.74,57.01,76.88,79.66,77.17,8.47,7,1.36,1.49,service
94.06,66.41,55.64,35.45,81.81,58.24,9,3.01,2.34,security
50.7,78.34,37.63,83.3,91.13,50.66,10,4.22,1.75,process
6.46,57.42,99.33,98.26,50.25,97.59,11,7.08,1.64,filesystem
80.21,90.84,88.07,63.12,62.27,38.8,4,7.16,1.0,service
67.14,70.92,96.45,95.54,85.78,35.96,7,3.67,2.03,service
90.83,94.26,8.03,76.92,95.66,69.4,13,1.94,2.84,process
88.22,19.34,82.76,63.01,57.97,58.02,4,2.3,2.16,network
93.12,98.07,62.34,20.75,51.11,82.04,8,2.89,1.02,security
80.43,97.51,99.94,68.59,64.94,35.04,15,5.41,2.49,service
80.8,59.45,59.59,82.66,52.68,15.97,5,5.06,2.15,service
56.6,74.78,55.33,67.28,57.42,27.26,15,7.98,1.44,service
78.99,64.13,14.77,70.25,99.94,52.75,10,1.58,0.89,process
52.49,57.5,23.82,78.79,82.26,50.85,15,1.31,0.86,process
33.05,97.98,74.39,55.49,77.4,72.72,14,1.69,1.72,filesystem
62.61,66.24,91.74,88.09,16.52,76.7,4,2.46,1.71,disk
85.06,64.53,64.87,64.82,30.39,61.49,4,6.01,0.93,disk
54.21,18.76,55.01,50.83,83.09,80.12,5,2.64,0.56,network
74.99,69.38,80.65,52.8,75.32,35.48,6,3.98,2.85,service
90.98,99.97,12.4,63.26,83.14,98.27,14,4.52,2.49,process
19.03,77.98,57.76,59.1,93.09,97.31,8,2.9,2.11,filesystem
53.44,77.49,19.6,93.89,60.2,91.32,10,1.38,2.93,process
91.72,71.01,78.85,93.65,35.23,68.58,6,6.43,1.58,disk
28.23,73.73,92.21,90.28,79.27,93.41,6,1.78,1.17,filesystem
95.12,17.04,86.65,82.93,96.58,91.05,10,5.6,2.75,network
91.34,23.37,88.76,61.72,67.25,51.51,15,5.68,2.83,network
62.86,78.2,76.65,56.89,25.69,65.74,4,7.64,2.1,disk
95.4,18.87,64.82,57.17,57.57,71.64,11,1.56,2.85,network
66.58,75.03,27.6,75.53,56.0,65.6,13,7.03,0.84,process
63.17,50.2,74.77,55.01,87.72,14.66,9,1.61,1.22,service
82.68,91.97,97.22,63.65,58.48,21.94,12,2.59,0.51,service
79.16,61.5,57.41,82.69,28.84,87.61,10,7.26,2.84,disk
91.3,28.56,91.22,69.85,57.82,86.9,8,5.7,1.18,network
12.93,67.75,53.47,75.95,53.38,90.02,6,4.78,2.7,filesystem
66.76,7.35,98.77,90.85,92.63,96.9,5,3.7,0.68,network
91.82,97.5,90.28,68.88,89.43,17.3,6,1.23,1.46,service
62.43,71.59,81.7,62.85,52.61,5.36,4,1.06,0.78,service
62.82,94.56,74.55,79.96,54.78,18.4,15,5.13,1.36,service
70.08,97.45,88.86,64.27,34.55,71.62,13,6.76,0.97,disk
68.02,71.52,70.48,68.74,37.39,91.45,5,1.76,1.57,disk
94.79,55.17,27.98,95.35,58.44,98.42,9,7.62,2.19,process
74.46,67.1,96.21,5.85,79.07,77.45,6,4.0,2.13,security
74.21,82.41,50.92,27.89,80.93,65.49,5,1.64,2.81,security
83.09,67.78,33.31,64.74,78.56,87.27,8,3.12,1.65,process
57.06,50.04,90.51,8.07,81.69,95.73,6,5.66,0.7,security
97.84,22.51,71.64,72.88,60.44,68.44,8,1.37,2.42,network
57.36,64.9,8.14,95.54,50.3,74.19,5,3.15,2.82,process
76.68,91.17,99.09,70.55,88.17,8.49,13,3.6,0.6,service
22.71,80.57,50.91,93.61,96.61,78.26,12,7.46,2.27,filesystem
53.99,70.9,97.15,86.08,8.08,92.32,12,5.28,2.55,disk
94.01,60.7,98.6,57.14,55.06,8.93,10,6.47,1.42,service
87.57,97.07,28.68,68.17,96.91,63.78,7,5.91,2.41,process
89.75,59.06,85.6,18.47,70.11,89.16,15,1.89,1.55,security
53.24,86.94,60.58,69.67,53.21,12.92,13,6.63,1.02,service
67.65,81.82,87.56,83.93,11.94,74.7,13,4.33,1.84,disk
75.69,61.58,59.06,33.36,56.75,73.43,15,2.3,2.94,security
91.97,5.13,62.34,87.05,65.81,55.09,8,2.89,2.61,network
70.99,80.66,88.08,77.29,81.38,37.73,7,3.51,2.29,service
88.46,68.43,98.0,91.02,34.89,58.61,7,3.0,1.18,disk
96.64,24.05,60.01,80.84,87.14,86.9,10,1.48,1.43,network
66.62,65.78,8.73,68.34,54.97,88.33,15,7.79,2.66,process
72.85,66.41,57.91,58.38,83.09,24.27,5,1.79,0.68,service
96.96,83.59,53.74,73.03,36.18,54.72,15,7.64,0.7,disk
78.46,93.4,25.41,85.9,68.6,54.62,9,3.76,2.67,process
84.89,36.51,89.61,83.82,83.98,97.3,7,1.01,1.18,network
88.9,31.63,59.39,54.42,84.95,68.42,9,1.22,1.15,network
65.49,15.15,93.57,83.64,89.83,62.52,11,5.0,2.58,network
71.66,89.98,86.97,19.92,66.69,65.82,13,1.36,0.53,security
73.89,71.49,50.55,96.33,80.17,12.11,15,7.4,2.97,service
92.85,84.21,35.89,60.18,93.67,52.99,14,3.3,1.29,process
50.83,59.34,82.75,68.79,99.12,28.29,15,2.41,2.66,service
52.26,71.89,34.54,63.12,71.09,52.0,9,5.04,1.93,process
85.72,21.16,96.05,84.73,86.45,93.08,7,6.65,0.99,network
97.52,25.36,71.83,79.0,75.83,87.94,7,3.47,2.74,network
62.64,65.57,56.05,93.23,74.67,25.03,10,3.87,0.98,service
72.41,63.72,69.66,18.57,64.34,63.43,14,1.49,2.19,security
13.01,53.85,64.49,58.06,96.48,90.41,11,7.1,2.51,filesystem
23.38,85.45,55.34,78.37,62.83,98.15,9,6.64,1.88,filesystem
87.56,7.49,54.01,67.74,97.09,83.43,12,3.53,1.98,network
81.66,54.97,80.21,9.23,53.93,76.37,8,5.12,0.72,security
69.38,78.81,91.57,59.42,89.23,25.87,14,2.2,1.55,service
85.56,52.6,92.99,21.04,63.12,62.09,9,7.21,1.45,security
31.98,92.24,88.05,81.31,56.56,51.63,15,5.32,2.49,filesystem
71.68,92.42,17.71,89.7,97.05,81.16,12,6.64,2.61,process
55.22,57.28,35.7,76.41,73.36,55.34,11,7.08,2.57,process
83.51,59.4,81.24,16.78,60.56,65.66,6,7.31,1.49,security
54.17,96.43,78.99,28.35,95.58,67.28,11,1.27,0.97,security
97.66,85.96,37.56,76.38,62.95,52.64,12,1.85,1.26,process
21.85,55.87,56.26,84.28,71.52,60.03,9,1.45,1.95,filesystem
78.08,85.74,86.41,83.33,93.54,35.45,10,4.01,2.1,service
84.35,89.6,79.15,95.45,37.97,53.22,8,1.16,1.32,disk
17.16,94.99,51.09,83.19,98.17,78.01,15,1.37,1.55,filesystem
58.87,62.61,90.54,38.15,56.8,74.88,6,1.42,1.31,security
56.27,32.05,61.85,83.87,78.29,96.46,8,1.46,0.55,network
95.1,33.23,99.24,87.71,69.66,79.53,11,1.55,1.86,network
79.76,5.35,73.2,98.17,75.95,83.88,7,6.42,2.43,network
94.68,69.46,65.67,21.18,69.5,93.18,15,3.12,2.66,security
70.21,61.08,75.6,77.44,23.84,78.25,15,7.32,2.69,disk
81.16,67.8,32.61,61.68,81.96,61.78,12,7.12,0.82,process
72.98,59.33,81.82,75.0,55.17,11.92,9,7.21,1.92,service
65.97,62.61,97.8,37.32,72.87,92.31,9,3.97,0.89,security
63.01,97.1,76.5,91.57,68.25,8.51,12,1.05,1.69,service
87.82,73.71,12.9,80.83,52.02,66.31,9,2.04,2.96,process
95.65,78.61,11.33,63.44,59.93,62.34,7,4.89,1.97,process
85.82,69.32,60.56,81.63,39.16,65.53,9,5.72,1.85,disk
23.0,79.62,52.32,80.38,58.53,53.25,15,7.76,2.52,filesystem
59.49,96.33,51.61,73.13,65.67,28.28,14,3.52,1.57,service
98.17,8.78,73.92,79.28,77.07,54.3,4,1.74,1.96,network
91.79,16.63,84.68,88.56,82.73,57.58,14,4.77,1.21,network
28.19,65.59,76.0,77.34,59.24,98.48,13,7.58,2.74,filesystem
66.38,60.49,74.59,5.69,83.57,76.16,14,2.15,2.51,security
94.04,52.48,14.0,73.25,61.35,87.2,15,3.97,1.36,process
77.88,97.84,93.95,70.23,64.58,13.2,10,1.8,1.87,service
34.98,82.93,58.15,53.53,82.12,51.33,11,7.58,1.94,filesystem
68.13,91.2,12.14,73.45,90.05,59.01,5,7.19,1.36,process
29.3,75.63,65.27,60.63,51.66,65.2,11,7.57,2.68,filesystem
19.69,81.93,69.88,63.71,99.2,70.47,14,2.61,1.03,filesystem
74.55,66.04,11.73,65.47,98.75,70.56,9,5.04,2.96,process
94.12,51.01,87.64,21.58,72.34,50.35,13,3.52,1.85,security
62.26,72.42,66.03,31.05,98.56,71.9,14,4.96,0.89,security
55.66,91.41,62.59,88.87,38.5,84.84,11,4.22,1.41,disk
88.26,88.2,64.62,54.07,50.57,19.96,8,7.92,1.67,service
79.89,83.24,19.68,85.05,70.54,75.23,4,5.84,2.15,process
51.07,86.93,97.94,93.11,58.39,16.44,6,5.21,2.28,service
84.46,56.36,67.84,25.74,91.78,52.18,6,7.23,0.52,security
66.8,56.71,53.71,99.61,82.78,23.97,13,6.88,2.52,service
51.68,35.77,62.17,77.87,51.95,83.34,7,7.29,2.72,network
86.44,8.34,71.44,51.46,74.04,83.12,5,3.02,1.49,network
52.53,19.91,91.62,90.28,61.22,61.3,13,7.51,0.74,network
97.32,36.24,70.97,89.02,73.82,74.88,6,5.14,0.97,network
76.82,91.77,80.79,81.69,77.05,37.45,15,4.59,1.26,service
81.31,83.45,56.31,38.1,56.63,88.73,7,7.54,2.3,security
58.53,56.81,81.52,65.06,5.65,94.43,6,7.5,2.29,disk
67.96,33.82,91.03,73.87,67.54,68.13,13,3.3,1.02,network
60.3,50.05,6.37,98.86,62.12,83.17,14,4.85,0.88,process
50.71,62.88,20.75,84.65,86.66,99.77,7,4.77,1.83,process
92.76,67.32,98.65,39.29,63.41,52.05,12,4.16,0.75,security
98.05,59.13,65.56,75.49,93.15,19.58,12,6.99,1.28,service
54.04,93.75,92.94,70.18,29.58,77.85,14,3.21,1.81,disk
64.73,52.5,74.36,67.77,13.8,84.73,13,2.71,0.62,disk
9.02,93.01,86.14,53.38,85.39,77.18,4,4.21,1.71,filesystem
97.38,88.34,14.39,79.54,86.07,97.06,14,4.61,2.44,process
86.12,53.9,55.31,22.25,58.04,98.91,5,4.41,1.41,security
70.1,92.29,67.31,27.91,85.47,79.31,8,5.04,1.36,security
79.0,97.4,53.44,75.37,16.51,75.42,4,3.19,2.55,disk
36.39,73.7,83.38,58.62,59.61,52.04,6,2.95,0.94,filesystem
67.77,28.59,53.13,60.53,90.45,57.35,8,7.05,0.89,network
60.94,66.31,31.47,69.69,80.41,72.23,12,2.6,0.65,process
95.63,89.03,87.77,26.24,81.34,81.9,11,4.88,2.97,security
32.43,77.71,50.26,88.05,51.77,87.29,6,7.71,1.42,filesystem
54.15,82.09,73.6,95.39,17.71,64.36,10,4.19,1.36,disk
57.61,83.34,64.21,25.5,79.34,72.29,14,2.85,1.62,security
77.23,57.99,29.19,58.38,65.52,75.17,13,6.18,2.11,process
92.13,68.11,83.02,21.48,59.95,80.08,4,3.89,1.87,security
91.27,57.33,10.59,89.5,80.81,52.24,11,3.16,1.42,process
24.95,88.12,93.84,67.1,91.06,55.53,14,1.89,1.49,filesystem
98.04,83.51,58.76,73.69,82.42,5.99,4,1.91,1.13,service
66.97,84.01,52.91,96.46,12.79,99.98,6,6.4,1.06,disk
77.4,85.14,89.64,27.02,57.63,85.51,12,1.17,1.53,security
70.56,61.72,5.69,93.97,98.28,67.08,8,1.05,2.2,process
71.48,74.37,56.9,83.67,79.81,15.31,4,1.54,1.48,service
92.54,64.31,27.42,65.71,97.9,51.67,10,2.17,2.28,process
90.07,97.17,54.92,63.26,22.33,92.33,10,6.24,0.85,disk
81.93,69.38,71.29,53.77,51.57,29.34,9,4.87,1.89,service
88.56,83.06,70.47,94.77,10.69,99.78,5,1.1,2.73,disk
81.31,22.11,70.09,99.69,94.02,81.17,10,5.34,1.0,network
61.09,89.02,12.04,54.0,73.72,50.5,5,6.65,2.43,process
69.59,36.35,60.22,75.39,70.96,50.91,13,1.48,1.69,network
83.11,85.77,14.39,65.78,56.26,82.78,4,5.18,2.67,process
20.12,64.56,80.59,56.97,64.61,68.32,9,6.5,1.0,filesystem
25.93,96.09,54.42,59.8,52.26,66.27,8,2.9,2.57,filesystem
59.51,32.74,95.39,97.19,98.01,76.07,15,6.3,0.9,network
65.9,89.82,71.59,72.65,22.95,85.65,7,1.85,1.89,disk
82.7,70.81,58.98,29.12,78.25,92.93,5,6.5,2.18,security
50.07,66.19,61.0,98.56,86.36,17.24,5,4.62,1.03,service
33.17,63.49,91.25,74.91,53.85,52.93,8,6.49,2.27,filesystem
74.53,60.83,58.49,50.01,85.91,8.89,6,3.09,1.9,service
17.96,50.77,96.42,71.41,98.33,98.18,14,3.06,1.46,filesystem
92.46,61.78,96.76,97.75,97.95,34.31,8,1.51,1.92,service
76.84,95.54,92.33,56.37,8.26,79.46,10,2.86,2.75,disk
80.05,51.71,74.88,10.42,59.15,68.25,9,5.36,0.69,security
91.62,99.58,10.73,84.59,83.71,99.0,15,5.81,1.11,process
68.36,95.69,68.41,18.07,69.18,91.83,11,5.3,1.34,security
51.15,94.84,60.54,12.96,63.98,56.37,11,1.53,0.84,security
93.86,62.16,24.27,59.62,55.09,95.56,13,6.32,0.62,process
66.63,71.91,63.13,10.77,84.46,75.73,6,3.24,1.98,security
96.59,18.9,54.35,80.85,55.69,67.26,10,7.12,1.73,network
13.54,98.65,69.65,94.6,81.56,89.74,10,5.04,1.73,filesystem
52.83,18.09,97.22,82.09,83.57,81.61,6,3.93,2.38,network
81.18,56.56,15.84,60.09,95.44,88.02,12,3.11,0.96,process
22.3,52.88,77.48,72.08,94.39,67.55,5,2.0,2.4,filesystem
19.66,69.16,75.95,52.35,58.31,86.9,4,5.22,1.11,filesystem
96.04,25.46,76.92,63.44,68.42,94.77,11,6.51,1.64,network
17.37,79.18,53.89,98.72,99.31,84.91,10,3.17,2.53,filesystem
82.08,51.17,71.51,35.63,65.07,54.73,13,5.24,1.93,security
25.76,69.58,70.63,84.78,50.16,80.98,8,6.56,0.73,filesystem
32.52,54.47,70.88,93.96,97.24,73.37,11,2.17,2.98,filesystem
69.06,70.59,86.38,20.81,92.84,97.2,8,4.92,0.74,security
83.91,70.72,84.48,17.04,63.86,99.83,13,5.51,1.39,security
32.62,74.92,54.35,76.86,79.34,87.27,9,1.89,1.21,filesystem
98.89,71.72,57.52,73.3,83.95,34.13,9,5.16,1.17,service
79.62,74.12,26.79,50.5,59.74,74.57,15,3.69,1.56,process
36.34,69.46,50.54,95.27,54.56,65.97,15,7.65,1.93,filesystem
99.07,67.47,96.09,96.65,62.09,32.94,9,7.42,1.63,service
59.79,91.01,27.71,70.95,72.9,62.83,13,4.59,1.3,process
55.17,71.58,61.5,23.06,62.67,97.03,14,4.97,1.39,security
77.5,74.59,78.27,85.78,8.84,87.48,5,1.47,2.94,disk
56.67,84.32,60.62,92.88,52.93,12.54,15,4.03,2.26,service
96.89,95.61,97.3,13.57,56.58,65.11,14,7.8,2.65,security
89.16,56.12,27.22,56.19,53.53,95.47,6,6.75,1.86,process
73.69,89.98,79.03,88.65,16.64,91.57,7,4.82,1.04,disk
62.08,84.06,30.06,80.37,54.43,83.84,4,5.17,2.35,process
81.62,9.49,78.92,84.67,85.03,87.67,14,4.5,2.33,network
60.08,71.49,74.7,52.76,38.41,56.43,12,4.54,0.56,disk
89.35,77.3,77.35,52.67,69.93,14.48,15,3.16,2.71,service
50.31,73.21,51.23,95.43,75.92,7.62,5,3.68,2.85,service
99.02,74.69,50.49,9.9,66.1,78.93,4,7.6,1.41,security
38.39,80.31,61.43,83.59,80.91,67.91,5,5.7,1.8,filesystem
51.55,63.74,51.64,19.71,94.76,99.13,11,2.13,2.76,security
30.81,72.61,61.23,72.62,57.04,58.82,9,3.93,2.79,filesystem
53.61,84.22,22.61,88.26,74.26,57.47,11,2.21,2.68,process
53.65,63.68,39.3,79.81,85.49,50.37,10,1.26,1.92,process
5.67,62.99,88.01,56.86,76.77,60.76,4,2.69,2.94,filesystem
84.63,9.71,64.97,67.94,90.22,63.94,6,7.7,0.52,network
77.49,80.98,28.22,91.81,60.77,56.02,14,2.1,2.94,process
80.39,13.59,52.89,69.55,61.71,60.98,15,5.31,1.89,network
93.96,86.27,8.94,70.39,94.32,52.36,15,5.75,2.08,process
89.46,51.56,98.34,23.43,65.16,68.13,4,7.93,0.6,security
82.17,63.13,52.62,13.08,90.1,92.57,9,3.91,2.94,security
39.74,96.35,77.0,92.1,76.05,81.18,5,6.29,0.82,filesystem
72.9,78.36,94.97,98.5,81.72,31.74,5,2.13,2.33,service
32.98,84.73,63.61,79.51,68.05,54.58,15,1.96,2.88,filesystem
33.51,64.09,55.91,84.84,81.45,93.87,12,6.62,1.21,filesystem
78.78,97.53,92.96,61.42,12.7,60.06,15,6.97,2.44,disk
9.48,66.91,96.4,61.23,68.61,71.6,9,5.29,2.86,filesystem
71.55,58.74,99.36,24.64,84.37,66.27,5,7.83,1.22,security
12.83,98.16,50.61,98.49,52.16,94.56,10,7.95,0.68,filesystem
58.08,98.29,12.2,87.08,77.33,94.22,10,4.74,0.99,process
86.38,83.97,73.53,69.39,18.16,82.0,9,6.94,2.69,disk
64.43,96.9,91.28,84.89,7.88,70.91,10,2.31,1.62,disk
91.25,75.23,95.82,81.4,92.02,10.19,14,5.73,0.93,service
93.67,69.75,66.75,12.25,68.89,65.83,12,3.03,1.94,security
33.91,89.1,85.44,51.81,65.16,63.16,8,1.61,2.84,filesystem
6.09,82.58,68.43,93.22,73.66,98.41,6,7.08,2.44,filesystem
78.28,57.1,85.24,95.25,20.21,74.4,15,4.65,1.72,disk
37.84,59.06,53.32,87.06,78.72,92.09,5,6.57,1.0,filesystem
92.11,61.5,50.29,82.57,12.09,94.51,14,1.54,0.77,disk
5.38,56.84,95.0,93.69,79.87,80.03,11,2.23,2.79,filesystem
90.72,69.11,9.63,59.83,61.87,64.99,11,5.21,2.24,process
61.08,87.83,65.48,96.11,82.84,20.27,13,6.73,1.23,service
79.03,37.76,83.61,74.06,90.48,97.53,4,7.88,0.72,network
17.83,69.81,84.77,69.43,72.43,61.88,8,2.59,0.68,filesystem
36.6,92.61,83.39,79.66,94.62,59.27,4,2.68,2.49,filesystem
72.38,9.7,97.9,76.48,62.09,75.03,12,1.53,1.19,network
82.08,14.09,94.3,94.78,64.86,61.5,8,2.68,2.18,network
92.85,70.76,8.13,71.89,61.54,64.56,13,1.53,2.57,process
95.3,5.43,83.7,52.59,77.44,64.38,7,3.47,2.05,network
19.31,51.27,57.81,85.8,82.95,51.35,6,2.62,2.18,filesystem
54.45,75.58,95.93,36.64,57.83,68.33,11,2.12,2.92,security
76.23,81.97,16.83,95.34,79.37,54.27,9,6.29,2.49,process
67.74,80.63,79.27,24.17,82.02,62.97,5,1.83,1.06,security
82.68,97.81,50.15,13.68,96.39,96.61,12,6.36,0.73,security
31.73,57.01,93.42,74.37,94.73,89.99,9,1.16,1.17,filesystem
75.7,15.8,78.65,66.26,51.96,63.6,4,7.85,2.91,network
13.61,58.03,59.33,64.25,58.67,94.84,4,4.67,1.53,filesystem
97.62,89.65,78.94,82.34,96.53,19.99,7,7.84,2.66,service
55.13,80.63,54.71,87.71,5.72,62.47,14,6.03,0.68,disk
98.86,55.57,60.61,73.65,98.43,32.01,14,3.34,2.98,service
92.35,5.83,94.93,89.16,89.02,72.9,8,3.12,0.66,network
87.56,79.49,88.46,71.44,87.92,18.01,6,6.1,1.55,service
93.85,83.8,67.85,75.63,28.65,98.01,7,7.12,2.81,disk
62.6,96.04,25.36,76.67,79.82,68.3,13,4.66,0.79,process
94.05,35.9,82.95,60.56,93.15,94.3,6,6.16,1.22,network
10.32,72.02,80.76,54.17,94.12,90.18,10,7.77,1.54,filesystem
95.77,88.83,61.42,51.24,18.43,57.08,12,5.63,0.61,disk
65.56,28.7,80.29,68.23,60.89,99.4,9,5.82,0.85,network
89.07,25.24,57.35,90.56,81.8,69.41,12,2.82,1.36,network
32.96,99.9,67.54,88.36,70.1,73.99,11,7.12,2.96,filesystem
65.62,75.72,79.44,89.49,27.97,80.44,8,4.32,1.54,disk
74.52,92.34,34.12,70.18,66.66,74.6,10,2.67,2.48,process
6.21,79.14,99.77,92.78,76.07,53.18,13,5.19,0.79,filesystem
62.25,86.48,90.55,92.95,39.71,64.7,12,1.81,1.52,disk
92.98,62.89,61.32,74.04,22.46,60.75,7,2.19,2.3,disk
18.2,51.0,66.1,60.57,66.37,55.99,14,5.16,2.2,filesystem
7.99,99.84,75.11,79.77,53.35,87.5,6,7.29,1.01,filesystem
84.53,75.67,82.53,36.14,72.02,95.06,13,4.42,2.01,security
12.55,81.14,54.27,52.58,76.57,77.03,11,6.08,2.94,filesystem
51.16,68.65,57.44,77.92,37.11,69.57,14,1.0,0.92,disk
54.06,39.74,57.81,99.42,98.86,89.69,11,5.04,2.67,network
63.41,17.64,70.42,83.98,52.83,51.73,8,5.88,0.98,network
65.5,90.6,93.36,28.56,52.35,78.32,13,1.96,1.07,security
79.76,76.96,38.91,74.21,53.18,77.58,14,7.98,1.58,process
75.81,57.69,96.09,31.51,86.59,85.46,6,2.48,2.22,security
91.76,66.35,74.4,97.06,12.95,69.48,11,6.29,2.75,disk
90.81,99.41,69.44,6.66,90.06,80.22,6,4.46,2.36,security
55.0,90.25,68.49,82.43,30.39,60.48,14,5.31,1.57,disk
13.48,55.74,80.53,64.43,79.06,57.72,9,4.73,0.63,filesystem
26.7,76.67,94.69,89.43,57.58,65.59,6,6.21,0.58,filesystem
70.75,66.35,80.33,37.57,91.85,99.77,4,1.79,2.02,security
20.37,68.85,73.13,65.07,87.38,75.14,6,7.3,1.46,filesystem
54.49,26.03,67.05,95.86,70.33,57.16,12,3.05,1.81,network
87.92,51.1,90.84,5.49,82.86,68.25,11,5.87,1.36,security
62.17,72.89,31.58,60.3,85.46,51.06,9,6.43,1.35,process
60.71,53.22,78.71,26.77,75.29,90.86,14,5.31,0.53,security
80.48,68.39,70.78,91.6,15.84,97.15,6,5.64,2.18,disk
99.52,5.9,80.18,82.98,84.4,56.02,15,2.27,2.06,network
66.03,54.68,71.36,9.51,97.38,73.76,7,6.36,1.74,security
56.79,98.87,38.75,58.19,64.97,55.01,7,6.71,1.45,process
90.37,81.78,65.19,99.15,14.59,60.13,9,1.4,2.95,disk
51.11,65.19,96.05,16.23,62.61,76.71,13,1.72,2.86,security
74.32,61.24,59.76,58.27,32.2,61.45,10,4.16,1.95,disk
96.04,6.4,64.57,60.38,61.91,95.42,9,4.26,2.4,network
87.26,56.35,55.19,85.51,60.44,15.74,9,4.15,2.27,service
72.5,92.92,97.84,22.47,96.58,79.17,10,4.18,1.02,security
81.06,58.21,92.3,90.62,73.82,34.85,6,1.12,2.05,service
5.64,95.71,55.89,78.83,63.7,77.71,11,6.81,1.02,filesystem
64.7,72.32,30.45,84.65,99.37,61.26,11,5.27,2.79,process
99.88,58.21,52.73,66.49,73.08,12.17,7,2.41,2.44,service
89.14,96.87,29.22,57.79,62.17,92.11,6,1.51,2.26,process
77.85,89.37,77.07,16.34,56.81,94.38,9,7.15,1.96,security
71.17,75.75,58.53,28.2,92.63,62.9,9,7.83,1.33,security
31.43,81.02,85.2,60.65,56.82,50.73,8,5.13,1.48,filesystem
99.89,28.69,91.42,64.73,50.72,86.89,14,6.18,0.86,network
91.56,88.34,67.53,18.19,76.68,50.01,6,2.46,1.13,security
86.06,62.76,54.46,53.93,71.31,38.1,6,2.8,0.75,service
29.86,65.72,73.56,91.08,72.96,67.89,9,6.8,1.34,filesystem
32.18,53.27,74.38,51.68,53.13,95.32,5,4.73,1.53,filesystem
35.48,85.7,90.09,66.97,90.74,54.01,14,4.83,2.54,filesystem
87.83,91.12,60.82,63.18,60.43,31.78,15,6.02,2.7,service
69.14,33.76,82.98,89.81,63.6,84.62,7,7.57,2.09,network
82.73,90.11,99.41,67.32,25.98,96.86,6,6.02,2.39,disk
31.89,70.89,71.07,86.88,61.94,55.52,8,3.01,1.24,filesystem
80.61,58.33,76.43,79.51,15.43,51.75,4,1.18,2.35,disk
54.69,36.84,83.46,91.46,93.95,78.59,10,4.01,1.29,network
84.65,93.38,68.32,52.16,98.72,5.6,15,3.58,0.53,service
83.93,78.53,97.28,72.15,25.98,73.82,15,1.53,1.75,disk
26.82,66.54,53.18,65.55,66.26,86.48,11,7.21,1.68,filesystem
64.47,21.37,80.97,70.56,71.37,66.51,10,6.95,1.0,network
67.97,73.77,68.18,27.44,95.06,58.2,8,1.99,2.06,security
96.78,95.61,12.33,51.97,87.07,91.38,15,7.23,2.0,process
50.38,12.67,51.84,55.4,66.94,90.13,10,4.59,1.23,network
78.54,95.48,5.22,90.53,97.42,54.57,5,7.73,1.84,process
90.13,39.9,51.5,94.87,81.13,98.67,9,6.93,0.66,network
96.89,77.12,88.42,54.46,12.39,75.11,4,2.77,1.79,disk
67.56,91.86,53.34,97.12,39.52,54.43,7,3.61,2.44,disk
81.77,59.82,12.41,52.07,66.1,77.99,14,5.67,1.59,process
85.76,81.98,83.19,70.71,52.23,32.46,12,4.31,2.75,service
70.45,83.1,73.24,27.07,72.48,59.43,10,4.7,2.53,security
67.14,9.71,54.72,91.58,95.92,82.49,5,3.81,2.32,network
95.76,92.73,28.91,52.62,89.14,92.28,13,4.56,1.08,process
82.3,99.3,52.45,94.33,78.11,13.82,15,4.38,1.33,service
10.86,55.23,81.82,85.32,51.58,96.81,4,4.79,2.27,filesystem
97.07,58.72,21.51,54.57,81.28,77.53,8,4.65,2.74,process
68.27,96.81,52.75,83.67,36.19,90.19,6,3.07,2.29,disk
93.25,66.03,11.24,61.97,70.9,62.56,7,1.94,1.24,process
61.32,73.43,71.24,64.44,58.61,31.68,15,6.44,1.24,service
78.45,94.09,37.97,86.98,54.33,83.46,8,4.29,0.62,process
69.08,88.76,16.99,81.38,59.6,57.3,15,7.42,2.72,process
8.64,86.22,78.92,63.71,53.97,54.28,14,2.34,1.31,filesystem
97.95,81.94,92.35,77.0,70.71,39.2,10,7.07,2.88,service
77.47,79.54,27.85,62.78,68.23,92.18,6,6.79,1.91,process
98.11,95.07,63.52,33.12,99.78,62.63,9,4.64,1.24,security
55.22,61.88,69.0,73.8,6.56,98.53,12,3.26,1.3,disk
51.42,91.43,89.41,14.07,85.43,60.74,4,2.41,0.95,security
60.69,55.28,84.15,28.13,97.53,86.48,4,7.19,2.66,security
63.12,66.43,55.4,96.75,64.55,23.22,8,7.72,1.34,service
17.49,64.05,77.13,57.05,90.11,53.73,15,6.41,1.0,filesystem
94.59,59.82,80.69,8.07,69.58,85.67,11,5.37,1.21,security
80.66,57.86,38.68,75.92,53.64,81.34,7,6.63,2.54,process
84.69,87.98,92.65,98.64,14.33,85.8,8,5.74,1.69,disk
84.7,13.04,55.88,58.26,50.1,85.94,12,4.6,0.9,network
51.02,60.26,74.35,35.74,76.36,96.49,9,4.43,0.8,security
86.42,59.98,17.99,75.08,86.27,55.66,8,4.4,1.85,process
67.27,16.75,98.93,92.83,85.06,86.35,10,7.63,1.74,network
73.21,74.77,71.38,97.8,12.52,75.83,12,4.9,2.82,disk
54.45,84.7,58.32,89.32,13.75,70.85,8,7.01,0.82,disk
70.49,76.25,73.86,72.38,32.13,76.34,7,2.81,0.59,disk
80.4,15.83,91.19,97.75,91.06,50.08,11,1.36,1.14,network
95.05,98.82,95.09,56.37,33.83,70.49,15,4.31,1.88,disk
65.69,13.45,60.75,71.24,95.39,75.35,6,1.54,2.24,network
99.98,91.76,94.67,91.16,8.61,61.37,4,3.12,0.77,disk
91.27,56.3,95.15,35.25,73.23,87.22,11,6.62,1.58,security
9.99,74.94,80.91,85.12,77.98,50.49,7,4.62,0.72,filesystem
50.01,95.75,34.54,87.11,58.39,56.02,4,6.07,2.82,process
73.78,65.91,63.34,98.35,10.6,89.37,15,1.14,2.25,disk
69.64,75.22,73.22,62.67,22.68,51.52,5,7.21,2.38,disk
61.35,61.06,58.07,68.6,34.65,91.4,8,5.12,2.3,disk
66.18,74.07,79.83,64.37,79.62,15.42,4,1.02,0.75,service
78.7,18.75,51.43,79.16,50.57,89.37,7,1.28,1.97,network
61.68,53.41,11.55,77.78,64.57,70.87,8,7.13,2.76,process
79.8,82.22,87.88,55.9,34.16,85.28,10,7.23,2.25,disk
26.3,67.48,55.7,57.56,61.27,62.55,14,4.93,1.81,filesystem
59.12,97.12,87.75,60.4,16.82,90.48,12,6.36,1.6,disk
10.8,97.28,92.5,83.45,73.11,70.59,11,4.82,0.66,filesystem
79.91,92.74,69.08,87.0,81.39,18.15,5,5.97,2.64,service
82.06,97.68,91.98,71.3,82.24,11.2,10,7.87,1.8,service
16.44,57.44,65.28,93.83,99.82,68.42,9,6.05,2.72,filesystem
25.85,73.58,70.59,67.44,96.48,91.53,15,1.87,2.33,filesystem
13.0,99.82,98.74,82.52,59.98,84.01,4,1.21,1.14,filesystem
60.73,86.91,59.46,25.07,60.76,93.08,15,4.63,1.38,security
96.68,93.37,61.68,32.24,80.43,98.55,8,5.77,0.66,security
75.13,92.42,51.02,26.16,63.85,93.12,7,5.81,2.19,security
93.33,79.68,9.45,71.38,58.04,85.02,13,1.74,1.77,process
87.28,75.27,82.39,75.13,22.21,58.59,7,2.11,0.99,disk
94.87,55.97,16.47,90.79,79.87,69.68,9,6.98,1.35,process
74.05,68.82,68.16,6.83,84.28,71.81,6,6.71,2.51,security
38.91,87.48,56.5,87.91,51.23,51.11,7,4.42,2.43,filesystem
97.85,53.02,72.16,59.31,21.99,91.51,15,5.44,1.38,disk
98.53,58.79,79.86,19.85,72.33,62.71,13,4.4,1.86,security
86.23,8.91,80.42,64.05,58.67,68.99,13,3.74,2.38,network
85.44,5.29,60.88,83.08,74.2,50.27,13,6.41,1.87,network
52.46,61.55,36.41,62.81,61.03,56.91,14,4.5,2.19,process
76.23,77.75,87.12,60.99,17.89,68.2,15,4.11,2.39,disk
71.32,80.77,7.86,54.39,58.59,75.9,6,2.98,1.5,process
61.56,94.45,52.75,58.83,77.44,21.84,4,1.05,2.97,service
72.95,30.65,80.34,83.64,54.06,97.57,14,6.64,2.56,network
91.91,33.1,98.05,76.8,74.42,70.09,5,5.01,1.19,network
18.11,97.54,86.6,79.93,57.8,57.8,4,7.06,2.0,filesystem
70.79,20.01,77.05,84.82,85.11,58.58,10,3.88,2.68,network
85.38,51.56,93.51,9.85,56.37,58.78,15,5.85,2.5,security
63.39,80.2,93.57,39.96,80.39,70.24,6,2.8,1.7,security
73.4,61.65,79.43,96.16,87.4,28.32,10,4.42,0.97,service
79.09,19.05,66.9,56.34,69.59,58.13,12,2.46,0.65,network
84.29,50.89,60.81,53.47,78.52,31.48,5,6.87,1.89,service
35.31,52.26,51.32,68.82,90.53,99.36,5,5.16,1.45,filesystem
76.86,83.86,28.89,81.44,63.31,51.95,9,7.24,1.92,process
54.75,66.04,69.36,81.13,57.91,35.12,9,7.42,1.67,service
94.01,64.0,55.3,55.61,15.19,80.71,13,7.29,2.06,disk
80.65,99.28,94.12,97.83,67.13,8.7,6,4.5,2.48,service
6.52,81.66,97.57,80.08,90.96,94.21,6,2.48,2.03,filesystem
96.72,29.12,91.16,77.81,88.98,50.81,13,1.28,2.72,network
24.28,54.35,70.42,68.63,62.99,86.17,9,1.57,1.05,filesystem
87.59,57.0,67.41,69.48,22.9,96.45,14,1.94,0.93,disk
50.35,70.17,13.22,90.94,66.87,91.38,4,3.15,1.1,process
72.36,53.62,97.71,12.81,96.12,71.29,15,4.88,2.83,security
95.77,88.1,22.68,99.42,73.26,52.91,7,4.05,0.89,process
39.47,91.94,56.23,96.04,93.49,75.94,11,3.79,0.64,filesystem
96.38,70.37,99.94,78.96,52.11,25.54,7,1.23,2.55,service
20.76,87.81,67.38,83.25,89.77,96.36,6,3.8,0.88,filesystem
77.18,82.69,69.35,27.65,52.24,52.7,9,4.85,2.72,security
65.49,76.09,83.19,69.06,30.18,66.81,7,4.79,0.56,disk
75.18,59.13,78.7,27.31,77.84,86.91,8,6.36,1.58,security
53.09,8.23,58.14,79.76,57.52,98.4,9,4.51,1.12,network
71.73,32.09,80.1,94.63,72.17,80.35,11,5.14,2.26,network
12.33,68.52,74.23,80.91,68.45,73.13,12,1.26,1.13,filesystem
55.5,97.37,71.17,5.33,72.12,52.3,10,3.37,1.68,security
23.94,98.15,67.09,81.63,96.6,55.13,15,5.82,0.67,filesystem
76.06,39.16,56.28,50.85,88.51,90.36,5,2.86,0.54,network
97.99,76.0,70.03,76.07,88.95,16.9,6,5.09,2.16,service
85.47,10.86,89.03,79.19,97.61,52.12,7,5.21,1.24,network
87.87,70.96,64.87,73.53,54.66,6.61,5,2.31,1.76,service
62.01,55.04,63.01,58.85,6.0,95.47,4,6.15,0.88,disk
84.75,24.86,89.81,86.75,80.51,74.41,5,2.83,1.55,network
93.56,91.37,68.01,80.01,57.81,23.74,6,6.21,1.82,service
79.96,90.37,55.47,18.91,66.84,78.47,14,1.55,0.68,security
92.17,21.98,66.68,89.58,72.56,59.17,14,7.18,1.67,network
52.98,29.22,57.0,70.79,77.43,70.14,10,7.98,0.84,network
80.28,83.99,82.15,93.06,74.32,9.71,7,5.64,2.03,service
55.67,19.13,86.89,85.23,71.14,67.33,8,2.85,1.01,network
99.03,12.51,53.36,79.74,86.94,51.62,11,4.73,0.76,network
33.27,88.11,89.89,71.78,90.89,56.01,10,1.04,1.31,filesystem
34.79,65.85,58.47,77.84,96.81,84.8,10,1.68,2.04,filesystem
85.25,87.1,28.72,62.62,93.65,58.44,4,6.02,1.69,process
11.81,68.39,70.71,91.38,86.68,88.47,4,3.91,1.7,filesystem
92.98,96.23,91.31,66.7,63.62,24.22,12,7.95,0.83,service
98.5,83.39,88.93,88.81,76.75,32.91,11,3.2,1.9,service
86.67,50.02,79.81,37.06,64.4,59.28,11,5.99,2.22,security
55.14,52.65,92.78,96.36,54.53,8.97,4,1.73,1.02,service
37.71,67.58,55.07,74.29,62.84,64.24,7,6.62,1.85,filesystem
16.94,69.01,69.94,79.01,76.68,80.4,13,6.69,2.3,filesystem
90.66,79.42,12.38,61.84,81.4,91.5,8,2.81,2.67,process
19.39,91.99,95.0,67.67,61.84,89.03,7,6.76,1.56,filesystem
73.04,91.44,34.03,85.47,55.27,91.94,12,5.88,1.41,process
74.76,80.46,63.75,85.84,25.82,66.24,4,6.25,1.04,disk
63.87,73.79,73.54,69.42,91.03,20.79,11,7.27,2.67,service
65.27,57.88,58.7,31.63,50.79,77.89,8,4.55,1.91,security
58.85,8.44,97.84,79.97,86.43,65.77,8,2.66,0.74,network
58.64,67.23,53.08,14.45,88.42,94.25,6,4.24,1.68,security
17.71,82.3,78.54,67.8,99.33,80.29,6,1.71,0.88,filesystem
96.63,63.22,57.49,54.5,78.17,8.98,5,3.1,1.2,service
94.56,73.02,29.84,99.19,52.51,54.83,12,2.97,0.96,process
64.37,77.89,65.22,8.03,50.07,72.48,14,5.01,3.0,security
70.95,75.86,7.95,99.23,83.32,64.27,11,1.77,2.91,process
95.83,85.27,83.59,18.8,50.06,56.01,10,5.73,1.54,security
35.0,95.31,63.85,99.18,57.04,60.1,6,7.26,2.14,filesystem
59.55,89.53,20.89,65.08,69.2,92.72,12,2.91,0.79,process
25.59,74.05,82.12,53.24,79.0,78.07,10,5.22,2.19,filesystem
12.55,82.94,69.69,82.56,55.33,82.89,15,1.34,2.94,filesystem
15.53,85.41,53.37,79.11,67.29,81.05,4,7.1,2.93,filesystem
69.75,58.86,68.18,68.67,99.66,39.82,5,6.08,0.63,service
7.0,64.11,63.09,62.35,95.31,62.48,7,6.32,1.62,filesystem
85.62,68.42,85.65,52.01,18.52,70.32,6,1.16,0.83,disk
50.19,62.08,75.49,18.3,72.42,99.03,8,4.17,0.83,security
34.8,60.43,96.53,55.82,90.87,69.03,14,7.08,2.51,filesystem
7.43,55.04,50.91,54.72,84.15,53.56,7,6.91,0.56,filesystem
89.03,69.51,25.25,95.57,77.7,58.72,8,6.9,2.11,process
30.64,60.75,51.56,63.11,79.75,52.57,9,5.18,1.34,filesystem
11.06,71.69,69.93,80.79,81.75,52.27,8,5.38,1.76,filesystem
80.04,85.04,14.98,81.54,72.78,74.1,13,2.97,1.3,process
89.08,96.54,62.29,25.19,63.73,91.2,4,4.95,1.35,security
51.2,88.21,79.05,81.28,52.59,12.39,4,3.02,2.07,service
61.88,75.16,96.31,90.75,66.16,39.38,12,1.44,0.59,service
77.73,33.91,81.57,89.22,79.93,70.71,15,4.79,2.01,network
77.22,13.18,81.89,91.0,52.08,74.91,12,2.77,1.27,network
91.97,72.41,81.83,12.74,83.85,88.61,9,5.32,1.64,security
71.32,76.87,51.13,20.54,89.07,84.0,11,7.37,0.55,security
16.39,87.32,82.48,92.46,82.88,78.42,5,3.57,1.16,filesystem
73.49,66.54,87.75,66.47,9.84,69.95,15,2.58,2.03,disk
58.85,81.7,68.21,92.62,31.48,80.53,8,2.47,2.44,disk
26.98,54.09,93.68,96.04,53.05,63.84,13,6.24,0.96,filesystem
83.47,91.58,57.52,6.35,93.94,65.75,5,4.28,2.0,security
85.14,80.7,75.51,71.69,79.66,13.17,15,5.12,1.28,service
98.4,7.33,82.42,53.71,68.77,90.19,9,7.98,1.9,network
90.59,50.69,27.73,83.44,89.93,96.64,4,2.08,2.72,process
53.61,57.37,53.66,33.43,87.62,87.67,12,5.69,1.69,security
55.0,79.43,88.92,54.67,58.63,5.43,11,7.21,2.18,service
85.76,25.76,52.67,72.74,83.74,83.88,8,7.59,0.92,network
56.45,76.84,37.78,65.42,93.48,88.2,6,1.25,0.75,process
66.01,95.33,11.69,80.77,70.29,52.05,8,2.86,2.22,process
81.21,53.63,91.84,58.73,53.54,19.01,10,6.98,2.94,service
56.55,26.21,92.47,52.25,86.71,67.07,9,7.5,1.33,network
65.32,32.61,72.32,89.92,91.12,92.88,14,4.02,1.3,network
39.38,55.6,69.89,98.47,93.28,90.85,7,2.2,2.17,filesystem
67.98,56.29,79.47,23.38,60.15,72.59,13,5.13,0.74,security
33.77,69.02,88.78,98.22,60.19,76.17,7,6.55,1.94,filesystem
66.72,18.81,76.5,58.07,78.6,90.27,13,2.08,0.87,network
81.2,14.58,74.39,54.11,72.98,65.32,13,1.4,1.55,network
81.59,75.94,6.79,61.64,74.6,65.51,6,4.53,1.31,process
39.57,56.82,84.76,70.22,71.41,85.88,12,7.94,0.82,filesystem
27.17,76.79,54.51,91.77,66.04,59.33,4,5.14,2.19,filesystem
90.91,50.28,99.6,59.14,73.51,35.52,6,4.34,0.83,service
83.92,83.03,80.73,92.46,21.81,93.52,8,7.49,2.25,disk
83.8,29.73,80.5,65.65,63.55,79.88,14,7.63,0.76,network
98.7,66.38,96.16,63.47,99.45,28.46,9,5.29,1.18,service
70.65,76.87,52.46,5.08,62.24,84.03,5,1.8,1.53,security
70.28,58.46,39.21,92.67,74.92,80.16,6,4.81,2.24,process
32.03,76.01,92.61,77.6,78.05,93.83,8,1.94,0.57,filesystem
69.93,58.49,69.15,93.58,68.16,38.31,15,2.01,0.94,service
52.88,16.99,63.51,98.32,77.89,67.36,10,1.97,1.61,network
79.26,64.04,95.51,65.21,20.74,77.19,5,7.53,1.44,disk
55.92,50.68,65.16,29.43,89.51,64.79,9,3.95,1.53,security
79.42,77.85,82.79,74.85,6.12,80.62,12,3.92,2.39,disk
64.53,61.68,86.8,50.39,76.96,32.78,7,5.22,2.17,service
78.68,38.46,60.02,55.46,92.7,71.96,14,7.25,0.66,network
38.42,86.89,77.72,80.59,70.98,62.39,8,6.3,0.54,filesystem
88.49,90.55,19.01,97.36,70.32,88.59,9,7.28,2.77,process
57.7,68.84,81.41,77.36,61.56,17.03,11,7.03,2.38,service
60.0,56.54,83.79,77.99,32.64,86.94,11,7.9,1.83,disk
85.83,71.86,70.18,9.79,75.34,56.33,9,6.35,1.15,security
74.73,94.74,14.37,70.53,94.93,94.81,12,7.01,0.72,process
13.37,57.11,56.07,65.16,55.05,84.61,4,4.57,2.99,filesystem
55.4,53.48,79.45,23.22,87.11,75.49,9,3.79,0.57,security
64.8,28.23,98.27,52.52,94.52,78.84,10,4.5,0.67,network
51.76,66.16,24.04,77.59,67.83,72.37,15,3.64,1.15,process
95.74,58.35,56.06,7.99,95.47,59.68,8,4.14,2.0,security
77.67,68.11,68.25,93.97,51.96,39.58,11,5.77,0.59,service
79.28,50.42,31.64,85.65,68.31,52.65,13,7.69,1.1,process
64.08,38.72,50.51,85.8,85.31,81.13,15,3.18,1.35,network
68.39,55.03,65.48,28.23,83.29,64.31,9,2.35,1.03,security
81.3,53.76,8.93,52.47,62.87,56.78,7,3.7,2.86,process
35.17,92.23,65.96,91.45,51.85,79.81,6,1.84,0.69,filesystem
84.55,14.51,59.53,59.23,67.11,71.5,13,1.84,2.34,network
93.84,76.38,66.71,60.39,90.02,26.86,9,2.52,1.34,service
87.68,61.0,69.43,35.3,86.22,70.19,6,3.49,1.21,security
60.55,92.08,6.06,92.19,73.02,60.88,5,7.67,0.68,process
78.72,90.66,89.32,94.51,77.64,38.87,15,1.82,2.62,service
10.34,78.81,80.34,71.21,86.82,96.72,15,4.16,0.78,filesystem
66.28,99.18,83.37,6.53,66.33,81.17,4,1.17,1.63,security
86.21,95.4,61.78,95.41,15.83,98.82,7,7.67,0.63,disk
93.7,94.36,50.55,94.31,63.57,6.36,14,7.05,1.99,service
72.67,99.46,52.74,17.43,74.1,75.16,7,6.1,2.69,security
77.67,24.96,60.51,87.11,51.26,67.74,13,4.95,1.15,network
8.78,51.57,81.82,65.72,75.43,95.38,6,3.87,2.39,filesystem
72.92,30.38,78.71,83.36,88.85,93.11,7,4.77,2.6,network
76.13,15.48,53.84,75.03,89.73,85.35,4,1.51,1.51,network
74.83,56.17,19.03,67.54,88.64,90.16,5,3.57,1.43,process
63.38,95.58,68.41,52.28,15.51,76.56,8,2.92,0.83,disk
95.73,78.76,86.91,74.51,51.44,7.25,10,6.03,1.04,service
70.13,96.0,27.76,54.52,97.39,62.93,8,3.82,0.63,process
82.11,51.92,81.07,32.23,75.02,67.88,7,5.5,2.23,security
23.05,74.44,83.34,56.98,51.5,65.4,12,2.41,2.18,filesystem
69.88,66.82,61.72,21.82,77.59,81.59,7,7.64,0.92,security
72.15,58.29,99.1,54.81,25.62,81.32,10,5.64,0.79,disk
85.11,39.75,56.57,63.74,69.73,71.09,8,7.35,2.29,network
66.7,30.64,70.23,53.42,89.19,64.29,9,5.8,1.33,network
82.75,72.29,67.33,91.8,87.92,16.24,5,1.5,0.74,service
67.39,93.82,60.08,53.91,32.58,91.77,5,6.98,2.22,disk
97.62,66.44,28.18,87.59,90.6,97.29,7,7.01,0.83,process
77.61,83.05,66.15,74.06,26.61,70.25,6,7.73,1.78,disk
60.03,60.77,64.59,11.05,68.97,95.54,11,3.88,2.84,security
99.1,53.15,95.15,90.7,65.71,39.07,7,7.23,2.7,service
53.59,61.34,96.57,36.79,89.06,50.97,7,5.4,1.19,security
51.48,71.7,63.89,93.5,26.17,80.7,10,1.64,1.61,disk
98.79,68.46,17.5,67.2,76.03,72.03,14,4.54,1.77,process
36.05,88.99,82.1,54.21,58.08,94.93,11,1.06,0.75,filesystem
83.85,34.33,92.94,87.42,71.96,80.53,5,5.72,0.95,network
89.29,64.81,77.25,61.19,72.2,21.95,13,7.27,1.54,service
64.86,8.22,79.95,81.18,82.43,63.37,4,7.76,1.13,network
61.57,22.58,86.57,97.91,61.02,94.31,15,7.41,2.09,network
72.59,17.42,70.04,55.76,94.16,70.74,8,5.62,1.61,network
30.75,99.92,96.66,82.13,71.06,81.81,13,1.83,1.52,filesystem
53.29,59.56,70.37,37.79,68.86,83.2,7,1.89,0.65,security
78.75,94.5,82.54,73.76,34.91,73.57,14,3.04,0.82,disk
68.91,78.82,89.6,66.22,30.07,56.77,7,2.01,2.53,disk
53.32,77.59,55.25,51.12,58.58,24.77,12,2.42,2.17,service
17.68,79.03,81.61,50.65,83.18,58.9,15,2.04,1.54,filesystem
71.14,75.86,68.5,87.04,32.45,88.16,12,2.43,1.34,disk
57.91,84.77,55.29,83.24,15.02,59.95,15,1.13,1.59,disk
92.13,75.04,39.35,54.87,65.15,81.91,8,7.5,0.66,process
77.84,83.08,79.6,30.77,78.57,53.34,5,5.18,1.19,security
23.02,67.96,79.65,58.18,69.55,98.47,7,5.6,1.31,filesystem
78.54,88.61,96.4,63.06,66.74,21.25,15,7.31,0.72,service
66.69,73.56,51.34,54.6,84.3,20.01,14,5.86,0.52,service
60.07,97.95,80.67,14.16,53.35,51.41,6,7.17,1.54,security
65.0,73.72,10.88,67.74,70.0,52.87,10,7.19,0.88,process
70.43,73.33,6.84,51.88,85.86,76.9,10,2.7,2.36,process
61.6,52.33,97.26,65.69,72.13,9.01,14,1.19,2.58,service
78.3,35.73,77.89,97.99,52.43,54.9,4,2.3,1.85,network
76.62,78.22,26.02,58.31,68.99,80.86,15,6.09,2.81,process
89.73,72.82,58.54,14.35,75.46,57.37,11,4.96,2.29,security
97.81,68.83,16.87,53.12,74.31,55.45,6,3.22,2.52,process
70.27,99.2,15.23,64.74,67.73,78.23,7,7.41,1.16,process
72.52,66.26,73.56,90.94,9.36,92.88,14,7.63,1.49,disk
98.11,61.75,55.02,57.41,85.1,30.4,12,3.35,0.92,service
86.02,95.91,70.4,11.69,75.86,95.4,13,1.46,2.23,security
36.01,80.79,61.65,51.22,93.5,51.06,14,4.7,2.85,filesystem
78.61,72.09,17.14,87.32,94.68,87.84,7,6.21,0.88,process
56.28,56.92,87.41,73.48,32.4,87.31,11,5.8,0.55,disk
90.9,51.92,93.54,22.95,69.91,74.86,12,1.09,2.68,security
13.18,52.1,50.89,99.39,71.39,69.22,12,2.53,2.87,filesystem
54.96,81.15,20.64,88.9,61.02,58.23,8,7.49,2.28,process
65.08,59.42,15.63,54.65,57.19,55.23,9,6.57,0.85,process
53.32,31.83,79.19,89.1,87.59,90.15,10,1.98,2.18,network
74.28,5.96,75.27,98.2,69.21,51.95,4,3.72,0.9,network
62.29,95.74,16.74,97.61,76.65,81.58,10,1.91,1.44,process
52.4,88.77,78.53,31.62,57.49,78.59,7,2.6,0.53,security
84.3,62.5,53.28,29.17,78.62,70.23,8,2.52,2.17,security
86.36,50.04,96.84,10.76,61.68,63.17,4,1.86,2.97,security
27.11,72.42,64.66,66.43,83.63,87.62,13,6.53,0.73,filesystem
95.18,61.95,60.33,98.49,51.25,32.5,7,1.26,2.79,service
78.54,76.35,51.91,26.53,91.4,57.88,11,5.16,0.91,security
55.23,91.13,60.5,18.79,65.83,70.01,5,4.52,2.5,security
83.87,85.13,97.8,23.6,69.99,97.69,11,3.09,0.82,security
58.37,63.28,72.27,85.61,68.79,37.47,5,3.6,2.27,service
15.66,54.88,84.21,72.01,56.1,74.76,4,7.37,1.15,filesystem
55.73,99.85,71.28,67.41,29.86,68.19,13,4.18,2.3,disk
79.95,92.81,55.87,84.48,70.44,12.22,8,1.53,2.24,service
77.93,17.01,86.46,82.61,92.28,84.62,9,5.71,1.19,network
65.37,96.93,65.85,82.72,54.0,13.48,13,4.7,2.82,service
58.42,86.39,59.19,75.57,54.66,37.23,8,7.36,2.86,service
72.5,16.81,93.53,54.18,60.56,87.62,4,4.45,1.61,network
51.94,82.95,63.63,93.58,21.97,65.28,10,3.67,1.91,disk
92.33,71.35,77.6,61.55,31.02,76.6,13,6.47,1.04,disk
75.01,92.02,85.06,32.62,67.55,70.23,8,2.34,0.65,security
66.49,82.52,87.85,87.48,75.49,33.38,9,1.87,1.91,service
99.57,24.06,98.14,53.78,68.28,61.27,6,1.99,2.06,network
92.51,71.7,96.43,79.51,27.05,92.27,7,3.48,2.76,disk
50.61,5.32,67.85,96.31,61.43,81.72,6,3.25,2.62,network
21.19,93.41,86.36,87.14,71.27,67.3,8,7.91,0.6,filesystem
60.45,56.52,12.12,88.45,71.28,78.27,4,1.24,1.61,process
32.2,77.92,71.21,95.32,55.56,74.63,4,4.28,0.64,filesystem
90.57,91.43,78.49,65.3,60.89,16.45,11,2.21,1.15,service
53.77,62.52,28.43,94.41,73.0,80.35,6,6.63,2.92,process
92.52,60.64,83.44,24.0,91.64,56.25,5,4.9,2.87,security
67.24,94.68,64.58,78.14,8.49,96.1,5,2.57,1.9,disk
85.09,24.48,67.93,95.57,51.05,65.79,4,6.37,2.26,network
79.54,79.97,70.94,20.11,52.7,75.83,10,2.05,0.76,security
83.46,72.4,22.08,60.21,81.34,67.94,15,4.36,1.71,process
58.77,24.87,78.97,74.48,82.24,61.49,10,3.61,2.15,network
63.46,59.93,32.42,95.46,68.51,87.56,14,6.92,0.96,process
66.58,34.93,60.35,53.56,53.45,97.04,10,3.87,2.53,network
5.58,75.6,61.32,82.26,58.72,84.55,8,7.56,0.84,filesystem
87.17,86.17,9.76,91.8,57.74,65.06,6,3.61,1.14,process
29.36,70.45,58.66,57.82,62.51,77.46,12,5.62,1.2,filesystem
58.59,76.49,64.5,27.01,55.9,82.75,7,1.0,0.82,security
82.24,66.98,85.4,24.51,62.8,82.54,5,4.75,1.59,security
58.86,93.65,87.14,82.97,70.34,14.17,15,6.58,1.25,service
51.75,24.29,71.91,91.96,58.03,51.25,9,2.66,0.62,network
66.78,98.8,93.68,16.53,79.39,92.36,9,1.13,0.69,security
57.79,77.35,8.06,68.87,70.68,51.99,7,7.69,2.88,process
98.76,98.29,60.76,33.39,59.86,60.68,12,3.84,2.83,security
84.85,79.34,91.64,53.61,29.17,76.7,8,3.38,2.05,disk
37.13,64.0,92.92,64.61,95.54,87.7,13,1.13,2.91,filesystem
69.88,81.25,88.99,89.2,23.17,92.9,8,7.22,1.1,disk
90.13,62.35,94.98,36.88,97.17,76.01,12,6.45,0.83,security
75.93,13.6,67.91,99.48,84.22,97.45,5,3.67,1.89,network
32.07,56.54,98.49,72.69,61.8,53.67,6,4.64,1.34,filesystem
60.69,59.85,70.64,12.97,79.19,68.57,9,4.76,1.01,security
98.23,53.68,52.67,37.81,76.49,80.75,9,1.66,2.42,security
92.19,71.9,16.98,77.32,54.57,87.83,10,2.31,0.97,process
74.45,70.37,39.53,52.8,57.11,52.64,11,1.38,2.59,process
96.23,52.81,22.0,95.64,80.52,77.32,6,3.4,2.63,process
65.03,82.83,95.94,70.03,59.62,14.48,14,5.0,1.64,service
22.13,99.28,62.1,83.61,88.08,61.88,12,3.57,2.08,filesystem
24.8,63.35,93.93,89.87,82.92,92.53,14,5.96,2.59,filesystem
73.39,98.4,87.65,33.39,51.64,73.39,11,6.81,0.62,security
54.19,99.64,56.36,7.53,93.93,65.09,11,3.3,1.48,security
99.1,89.2,94.86,71.94,61.7,19.42,12,1.77,1.18,service
10.32,53.07,89.04,72.99,52.91,99.74,4,5.87,2.96,filesystem
62.65,52.02,70.14,96.76,5.41,79.39,10,7.11,0.71,disk
56.17,99.0,69.69,12.96,58.57,83.38,11,5.5,0.72,security
59.43,78.08,84.64,76.61,71.71,18.56,14,2.54,2.34,service
63.73,63.65,65.13,80.62,71.92,30.44,14,5.72,1.01,service
85.2,60.87,17.83,69.55,98.82,97.73,13,2.69,0.67,process
21.28,53.01,78.11,97.88,58.77,84.5,6,4.75,0.74,filesystem
64.67,32.06,75.9,67.4,68.59,50.07,7,5.53,2.94,network
83.77,18.86,56.65,57.94,97.46,93.98,14,7.94,1.02,network
66.99,96.8,58.24,52.11,72.7,33.04,13,7.44,1.83,service
50.56,72.9,56.59,83.22,60.7,20.15,6,4.84,0.79,service
83.94,78.16,58.11,65.5,36.5,84.41,15,6.37,2.85,disk
92.45,69.17,10.89,91.82,77.45,59.46,12,4.58,2.01,process
53.58,69.48,87.08,69.32,16.56,79.77,14,1.33,1.46,disk
77.62,25.83,93.6,78.85,67.27,90.15,10,1.55,1.91,network
7.0,76.56,96.83,51.97,56.11,72.61,15,3.21,1.77,filesystem
82.33,59.13,87.53,66.95,29.85,52.39,8,5.94,1.07,disk
14.97,51.84,80.48,75.13,52.57,63.93,14,2.68,0.86,filesystem
79.49,60.03,64.37,58.09,13.73,61.24,10,4.94,2.86,disk
58.31,95.82,16.47,68.6,87.99,66.94,15,6.17,1.99,process
58.74,82.4,13.59,85.88,88.84,83.67,11,7.25,0.7,process
89.94,97.26,80.43,62.73,37.35,88.77,10,5.87,2.81,disk
92.77,51.59,53.8,63.7,12.0,61.59,13,4.94,0.51,disk
90.46,96.92,89.47,56.51,54.06,5.73,11,5.41,2.97,service
61.07,51.74,70.46,15.12,90.45,90.02,9,5.25,2.01,security
87.39,69.87,60.52,76.06,96.07,27.39,6,5.78,1.57,service
70.38,19.25,53.3,67.44,55.55,90.41,15,1.51,2.89,network
87.49,54.84,73.8,39.71,88.52,60.53,10,2.64,1.52,security
14.11,86.54,99.06,62.83,82.71,59.9,10,4.25,2.93,filesystem
11.83,86.12,64.04,51.22,82.27,58.86,15,7.68,2.79,filesystem
61.13,15.75,77.32,70.86,58.01,58.55,9,6.3,2.74,network
71.82,79.09,76.1,66.55,77.12,38.56,6,5.58,0.61,service
22.94,90.32,72.96,52.6,89.31,60.07,7,2.15,1.33,filesystem
9.06,52.3,52.04,92.77,85.18,73.71,5,4.44,1.68,filesystem
55.66,78.51,35.16,73.86,99.73,83.96,4,7.95,1.52,process
70.36,61.61,76.74,59.94,22.79,57.87,12,6.28,0.78,disk
80.68,36.43,90.5,79.16,86.51,68.24,11,4.26,0.97,network
83.81,67.05,77.18,92.03,94.17,10.61,8,3.35,0.61,service
79.04,74.18,86.44,72.07,66.93,15.27,6,2.86,0.74,service
98.51,51.1,33.09,89.4,64.86,56.78,5,5.88,2.11,process
70.56,63.44,99.93,53.59,52.18,12.6,15,7.85,2.14,service
89.93,55.35,32.32,95.51,69.14,81.53,9,4.06,1.28,process
94.74,62.43,54.57,87.5,58.78,18.02,4,1.96,0.93,service
74.27,67.7,94.57,58.29,10.23,78.85,11,2.36,1.48,disk
80.05,66.37,89.05,92.02,16.33,91.93,5,6.86,0.88,disk
77.69,85.89,94.85,95.09,66.43,38.34,4,3.64,2.74,service
92.47,80.79,64.62,71.04,85.33,39.06,14,3.4,3.0,service
68.45,56.78,75.92,8.94,96.7,59.18,7,3.85,1.46,security
38.95,54.7,83.63,72.19,93.41,58.86,12,6.87,2.86,filesystem
72.58,70.4,84.37,13.75,82.01,93.87,9,7.38,2.98,security
50.7,88.59,93.75,80.71,11.59,64.26,9,7.68,1.12,disk
71.19,82.49,51.23,33.36,76.83,63.91,4,2.14,2.74,security
59.64,81.37,98.97,73.22,90.87,22.77,9,7.51,2.72,service
72.08,74.53,92.44,29.71,74.52,62.88,14,5.04,1.05,security
65.67,64.76,86.67,35.49,59.63,54.88,14,3.45,1.88,security
11.29,61.88,98.57,59.05,92.72,74.61,6,7.1,1.61,filesystem
88.68,57.26,73.19,88.74,66.87,27.16,4,5.26,0.88,service
65.17,89.09,31.81,84.58,98.28,69.68,5,5.7,2.32,process
89.2,81.13,65.75,77.09,8.19,83.95,12,7.76,1.15,disk
69.9,83.73,52.78,56.2,74.96,16.79,7,1.47,2.74,service
23.96,81.67,62.89,56.97,91.75,99.22,10,2.2,1.18,filesystem
73.58,61.37,10.82,66.64,97.0,67.15,15,4.4,0.95,process
52.46,84.72,91.61,92.32,83.92,38.39,10,7.4,2.92,service
54.93,80.95,57.18,76.12,5.25,65.83,12,4.39,2.95,disk
24.38,98.47,76.15,81.47,84.79,72.73,11,5.09,2.75,filesystem
25.73,95.62,60.53,81.15,81.58,86.66,5,6.01,2.77,filesystem
93.53,32.74,81.37,87.51,57.6,72.92,8,1.66,1.72,network
67.15,98.44,84.75,70.07,59.63,17.46,6,1.74,2.77,service
24.08,99.23,96.87,52.16,58.24,56.59,12,6.72,1.03,filesystem
52.72,82.83,91.85,68.67,93.73,12.47,7,2.06,2.05,service
62.06,58.41,98.6,80.88,39.35,66.89,12,2.56,1.15,disk
5.19,90.77,85.34,86.45,88.56,53.7,8,1.81,2.66,filesystem
70.79,80.05,85.49,97.53,13.56,87.31,10,2.88,2.44,disk
78.31,80.61,77.46,63.65,62.23,9.8,14,5.32,0.97,service
59.34,67.3,67.4,73.45,16.69,55.37,5,1.23,1.68,disk
83.69,34.64,66.22,83.82,79.71,80.16,12,5.03,1.57,network
75.31,27.19,53.55,62.72,68.09,73.62,4,1.98,1.19,network
98.28,50.74,74.06,16.67,72.46,78.53,9,3.9,2.33,security
61.97,61.06,99.34,65.3,56.37,24.09,14,5.75,1.24,service
82.39,85.6,58.92,7.79,97.02,63.03,14,7.04,2.43,security
57.48,72.49,63.92,97.16,94.2,7.94,10,2.58,1.53,service
94.54,72.45,21.08,53.85,83.54,91.06,6,3.95,2.6,process
71.72,30.32,50.45,79.47,80.66,81.88,6,6.0,0.73,network
89.07,57.58,82.36,95.87,83.99,33.39,5,2.76,2.74,service
76.7,9.97,50.59,71.1,64.75,74.3,10,1.31,0.81,network
35.35,78.93,71.93,86.26,74.33,93.67,14,3.95,1.19,filesystem
79.23,38.93,68.89,53.1,66.97,75.3,5,5.61,2.99,network
88.11,96.81,37.93,58.74,93.74,86.87,7,1.47,1.17,process
51.78,99.87,93.63,64.87,62.87,18.35,8,3.61,1.3,service
79.58,86.7,75.75,90.7,86.11,26.53,5,6.85,2.84,service
69.75,52.56,19.07,83.69,72.52,87.45,8,5.44,0.97,process
92.62,77.42,59.87,16.1,64.1,76.54,4,2.11,2.53,security
82.28,6.6,97.3,92.11,64.83,53.86,6,1.89,0.81,network
53.42,50.63,94.91,79.07,67.59,13.14,11,4.56,2.98,service
73.95,55.23,80.62,86.9,31.85,95.27,8,7.67,2.66,disk
20.83,82.18,76.32,86.58,54.08,53.02,6,2.12,2.68,filesystem
89.8,11.13,83.64,61.03,60.91,93.7,6,2.84,0.5,network
93.68,88.14,75.65,28.48,92.37,50.48,8,7.35,2.35,security
70.55,58.28,60.2,84.67,95.85,18.81,6,3.0,1.64,service
66.55,62.41,39.58,69.47,86.63,84.24,6,2.67,1.2,process
54.75,16.02,54.83,58.84,99.37,72.21,10,7.12,2.99,network
32.65,65.23,54.05,70.15,58.68,84.75,8,7.83,2.1,filesystem
51.43,59.99,62.12,70.7,13.15,74.57,14,5.98,1.95,disk
83.52,96.56,69.89,97.65,29.6,52.1,14,4.39,1.65,disk
53.05,85.08,5.34,70.46,66.47,84.67,13,3.13,2.53,process
17.27,51.66,53.93,69.85,56.64,78.38,12,6.6,1.0,filesystem
64.34,64.02,57.99,10.74,64.26,89.64,14,7.83,1.08,security
63.11,67.15,70.54,30.21,75.58,97.18,4,4.52,1.96,security
38.44,89.35,65.77,84.41,71.88,62.73,14,1.27,2.75,filesystem
86.44,96.6,63.94,38.26,53.16,80.15,4,7.26,1.82,security
94.17,20.69,75.52,81.33,96.32,50.96,9,5.81,2.31,network
88.05,38.28,85.13,64.9,55.27,89.09,11,1.34,1.4,network
87.04,80.07,83.58,69.46,74.39,39.65,6,3.92,1.23,service
57.06,24.98,59.26,63.93,60.94,59.14,13,3.0,2.82,network
32.29,67.51,52.89,98.46,94.19,96.39,15,2.22,1.49,filesystem
75.33,54.29,98.48,51.93,31.37,76.26,8,1.46,2.06,disk
26.86,69.1,60.28,56.07,80.75,88.73,11,4.71,0.6,filesystem
91.03,64.26,61.96,32.54,52.82,68.47,10,4.92,2.32,security
30.43,65.24,91.47,64.08,93.64,55.63,12,4.78,0.74,filesystem
83.7,71.75,77.94,52.9,84.81,6.85,13,6.77,1.09,service
79.14,52.58,66.85,87.66,64.72,31.72,12,2.72,2.32,service
75.65,90.7,88.84,89.43,29.78,62.71,14,7.25,0.99,disk
75.02,29.18,84.86,82.43,63.76,57.81,11,5.2,0.95,network
84.59,56.08,53.25,98.74,84.06,19.61,12,6.29,2.45,service
87.36,65.59,65.31,34.32,53.62,94.06,7,5.15,2.84,security
34.11,63.65,75.9,64.94,97.03,62.96,9,7.11,2.6,filesystem
95.61,81.66,30.24,62.86,85.97,51.41,8,5.39,0.87,process
29.78,51.03,98.5,91.62,60.62,59.09,6,3.13,1.81,filesystem
13.74,74.47,61.06,99.38,97.2,51.97,12,7.48,0.95,filesystem
88.11,85.68,12.26,78.44,93.39,71.61,15,4.17,0.86,process
60.26,87.76,90.19,77.65,74.43,8.99,5,3.38,1.28,service
91.41,58.53,94.87,27.97,94.09,74.26,10,7.43,2.75,security
87.88,78.17,56.0,76.6,67.84,32.73,13,7.37,0.54,service
56.98,77.59,63.7,53.26,52.5,9.04,4,6.32,1.71,service
80.28,74.24,55.29,63.9,94.52,24.25,8,1.51,2.29,service
69.88,39.08,77.21,63.76,85.47,63.57,14,3.62,1.87,network
50.92,77.28,85.34,89.52,11.78,63.09,10,3.31,2.65,disk
51.16,52.56,97.71,57.11,85.42,7.38,5,4.56,1.66,service
54.37,96.82,33.89,89.57,60.05,90.26,14,3.02,2.88,process
53.21,59.7,82.81,92.75,62.63,16.45,10,2.48,2.53,service
97.58,97.24,88.98,80.11,72.75,17.47,15,5.22,1.95,service
63.75,57.09,50.19,76.61,55.36,18.71,11,2.93,0.94,service
95.91,8.56,75.3,61.04,51.95,51.8,6,7.07,1.21,network
90.8,71.6,32.87,79.77,94.33,70.55,11,5.41,1.54,process
76.5,51.39,13.63,72.98,81.43,77.86,12,2.96,1.91,process
79.71,85.41,91.64,56.08,90.5,21.84,9,3.97,1.77,service
56.18,55.05,80.49,11.88,62.57,58.68,15,6.98,1.08,security
67.48,79.82,14.6,51.33,86.76,81.28,10,6.19,2.19,process
57.33,82.3,13.15,57.84,84.17,79.68,13,3.17,1.62,process
69.96,75.39,90.51,91.96,95.49,22.82,12,1.78,1.91,service
55.53,81.39,59.34,75.51,23.52,93.81,9,2.96,1.08,disk
88.1,63.14,52.26,50.09,67.53,13.45,4,2.26,0.81,service
97.36,67.12,72.02,85.36,79.38,16.13,10,6.11,0.61,service
99.92,84.75,65.42,93.84,89.09,5.54,13,3.1,0.87,service
91.14,75.92,73.09,16.01,79.05,86.49,8,5.4,2.25,security
54.42,67.11,39.35,81.48,70.81,58.33,15,6.75,1.2,process
61.13,85.87,97.16,76.39,23.9,73.05,7,4.33,2.01,disk
93.48,54.41,32.19,92.38,59.09,71.52,5,5.95,1.84,process
64.23,68.8,31.47,76.98,53.87,50.9,5,3.87,2.83,process
96.47,60.24,32.93,86.93,53.19,69.36,7,3.13,2.96,process
80.17,65.6,95.49,93.52,24.54,66.24,7,1.23,2.54,disk
89.39,62.69,88.18,84.4,66.14,24.09,5,4.17,2.7,service
92.38,99.63,83.97,96.83,33.94,92.22,10,3.68,2.84,disk
79.8,99.79,20.23,96.03,67.25,52.74,6,3.93,1.05,process
96.67,68.16,92.24,70.92,20.43,81.71,13,1.24,1.98,disk
81.27,90.41,7.42,66.74,65.69,81.78,8,2.04,1.99,process
93.86,93.39,72.55,50.77,19.93,80.31,10,5.56,0.89,disk
96.67,67.23,10.63,78.16,97.19,50.19,6,7.57,0.93,process
84.08,67.47,60.63,68.72,63.6,8.09,13,6.97,1.05,service
61.02,26.9,78.58,59.24,52.98,80.22,13,4.66,1.07,network
11.67,51.83,73.6,78.24,53.29,88.78,9,4.67,1.6,filesystem
71.47,70.39,55.7,83.81,29.57,86.04,12,1.0,2.88,disk
66.82,96.03,5.42,77.64,87.03,74.25,5,7.81,1.8,process
87.22,73.35,61.39,59.97,71.27,31.44,11,5.82,1.21,service
77.76,76.38,27.94,61.66,93.22,65.47,12,1.11,1.43,process
68.9,55.15,85.95,22.64,85.44,62.45,7,3.34,0.56,security
94.7,74.89,92.09,33.05,70.53,61.5,8,6.78,1.07,security
92.17,88.09,52.91,99.92,31.33,93.2,11,6.99,0.78,disk
37.16,62.61,87.75,73.03,92.1,86.42,13,5.59,0.94,filesystem
98.39,20.39,63.92,89.91,66.31,64.97,6,1.91,1.14,network
87.69,60.95,72.15,26.62,88.5,55.2,15,7.23,1.18,security
60.02,70.67,60.31,35.68,57.91,72.78,11,5.84,1.46,security
99.47,36.13,68.57,59.76,74.47,87.08,9,4.38,2.6,network
74.59,94.81,90.34,5.13,66.0,71.09,6,2.4,0.59,security
72.81,60.28,87.79,72.57,97.93,14.13,12,7.59,2.16,service
54.3,92.17,85.9,97.18,29.27,97.02,10,5.2,2.94,disk
62.43,65.21,88.54,66.36,13.48,58.45,13,1.91,1.63,disk
91.15,61.75,27.83,70.26,79.8,55.37,4,7.37,1.17,process
62.91,73.2,9.66,96.39,93.39,85.38,5,6.43,2.52,process
91.36,71.25,63.77,14.28,76.81,72.46,9,1.64,2.3,security
99.93,51.24,34.23,68.27,92.08,77.73,14,7.48,0.52,process
74.37,81.25,38.12,78.99,77.01,52.52,4,2.31,0.58,process
5.69,55.21,90.0,58.93,82.64,61.91,5,2.7,2.31,filesystem
80.66,93.44,83.1,20.19,90.97,95.28,5,4.72,1.21,security
51.52,12.16,67.02,75.53,80.76,95.53,10,4.51,0.63,network
59.81,51.13,35.16,78.86,94.53,79.85,13,4.01,2.37,process
51.08,74.18,75.05,66.08,9.63,68.82,12,6.48,1.83,disk
68.9,73.18,54.43,80.45,15.09,58.02,10,4.73,0.69,disk
56.63,61.67,72.67,23.1,88.18,72.37,13,5.33,0.78,security
90.3,63.98,59.58,22.65,93.28,62.07,4,3.49,2.37,security
38.48,86.88,67.66,64.83,67.49,88.73,11,2.3,0.94,filesystem
28.92,72.3,63.68,99.86,71.31,72.57,5,6.56,2.23,filesystem
67.09,84.18,50.98,86.78,22.05,90.66,15,7.48,2.77,disk
18.59,82.16,72.91,77.28,97.07,69.31,15,7.34,0.99,filesystem
74.8,58.46,56.31,96.63,26.17,82.97,8,7.36,2.09,disk
31.49,75.97,60.24,93.89,93.98,93.53,6,4.16,2.96,filesystem
99.94,16.43,87.41,90.33,92.9,99.88,6,1.28,1.53,network
77.63,23.21,57.14,88.77,63.57,74.83,7,1.94,2.07,network
76.57,15.08,74.64,65.0,79.8,71.69,5,1.82,1.87,network
60.54,13.03,73.46,63.43,55.05,58.37,5,7.81,2.4,network
71.98,75.52,14.06,65.82,54.35,65.16,15,7.61,1.34,process
51.01,76.2,75.25,76.26,39.09,95.57,5,3.58,1.56,disk
89.69,73.24,76.88,99.76,18.97,80.77,8,3.75,2.24,disk
86.59,58.7,17.64,81.87,53.53,68.08,10,7.97,1.69,process
80.08,80.32,68.25,95.22,22.61,73.24,15,4.45,0.95,disk
81.28,95.52,63.7,75.26,97.93,11.03,12,5.3,2.2,service
63.53,62.44,37.97,64.91,88.78,69.66,5,1.08,1.86,process
10.15,96.33,74.61,62.91,72.96,99.0,9,3.3,2.08,filesystem
33.63,93.04,50.35,75.54,70.87,61.11,5,3.36,2.86,filesystem
67.88,64.54,80.74,95.14,38.68,82.68,14,4.68,1.02,disk
85.9,87.14,52.54,61.06,14.6,77.38,5,1.94,2.86,disk
58.95,32.91,83.88,77.35,73.75,96.12,4,2.96,1.37,network
56.5,5.78,68.02,89.19,78.31,65.64,11,2.62,0.54,network
33.79,56.63,93.1,96.14,74.35,80.31,13,2.22,1.76,filesystem
58.98,78.9,97.9,22.61,54.15,81.0,8,6.99,1.59,security
32.6,75.86,72.01,57.37,66.41,71.7,5,2.54,2.0,filesystem
78.59,95.37,56.12,23.69,93.97,70.5,9,1.49,1.2,security
77.7,72.53,64.28,64.9,18.41,91.78,15,4.07,1.48,disk
63.46,90.16,52.21,39.72,56.52,89.8,8,4.45,2.7,security
55.07,14.72,63.82,71.6,99.02,53.38,10,2.26,2.93,network
91.19,82.38,38.91,85.7,96.23,75.86,5,4.7,0.82,process
70.83,33.78,92.52,60.6,82.87,73.61,14,2.51,2.19,network
86.7,70.55,67.76,70.36,19.32,77.21,10,4.48,0.84,disk
59.13,80.49,86.31,65.72,91.44,26.12,8,4.9,1.94,service
73.27,5.48,54.08,62.93,51.39,81.57,9,4.84,0.94,network
82.89,79.06,76.49,92.17,61.75,20.49,5,5.17,1.13,service
61.7,52.49,63.43,27.9,76.68,97.2,8,5.86,1.72,security
51.17,31.47,72.93,64.46,95.0,55.81,15,3.2,2.72,network
66.13,82.25,92.57,26.32,92.66,63.23,10,4.15,0.53,security
8.44,83.02,88.22,63.25,51.05,54.11,15,3.07,2.42,filesystem
28.91,74.86,80.89,93.45,78.53,51.52,15,5.83,2.19,filesystem
66.18,59.19,25.19,57.74,67.81,84.85,10,3.71,1.55,process
98.5,24.99,57.15,68.73,89.89,68.37,5,4.9,2.61,network
82.39,51.46,26.63,75.48,77.29,67.97,4,2.35,2.88,process
80.81,73.72,69.58,95.77,9.4,70.92,8,4.49,1.64,disk
75.25,88.44,7.17,78.84,55.96,51.82,4,6.84,0.79,process
87.19,85.59,52.92,78.01,54.23,36.63,14,5.89,2.82,service
90.71,95.2,50.78,96.69,33.34,91.86,5,6.17,2.9,disk
96.37,70.13,94.52,69.2,30.79,73.8,5,7.5,1.64,disk
56.85,74.41,62.94,87.73,86.08,9.93,14,2.27,2.49,service
73.64,83.86,93.73,87.46,37.85,52.69,4,5.63,1.22,disk
13.42,56.08,59.87,94.35,82.29,64.3,13,7.03,2.62,filesystem
23.07,66.15,89.76,63.54,71.95,53.92,4,7.74,2.59,filesystem
71.8,87.43,91.4,31.99,51.94,59.71,10,7.54,2.59,security
61.95,87.9,31.6,65.63,70.53,60.48,15,5.52,2.84,process
65.85,76.98,84.55,71.07,92.7,32.0,4,5.35,1.09,service
66.07,99.48,57.88,75.82,89.64,20.14,9,7.9,1.56,service
16.73,90.14,50.23,66.67,69.91,76.87,15,3.42,1.37,filesystem
68.16,80.53,55.96,96.2,53.88,37.55,12,3.31,1.48,service
84.29,91.66,62.5,26.33,79.26,68.49,9,3.2,0.85,security
80.71,61.83,21.92,71.46,53.74,55.31,14,2.68,0.99,process
98.47,57.02,79.37,60.05,89.5,32.43,5,7.38,0.99,service
92.13,65.16,71.47,21.47,57.87,51.55,15,2.68,1.1,security
16.38,84.32,53.48,58.74,92.79,61.36,14,2.95,2.11,filesystem
11.53,94.63,76.97,90.37,94.8,65.9,5,2.6,1.57,filesystem
95.98,39.76,52.25,88.05,68.59,69.62,13,7.43,2.88,network
62.2,98.34,38.53,62.38,67.4,94.78,15,4.1,1.3,process
96.07,25.41,79.64,67.75,52.6,51.59,9,1.59,2.02,network
95.27,51.84,60.99,65.48,80.84,23.69,6,2.15,1.09,service
26.12,83.41,80.97,73.17,68.99,93.17,10,4.35,0.56,filesystem
86.78,83.19,55.67,30.22,75.02,94.7,15,1.39,2.55,security
16.94,55.67,96.23,93.87,62.9,83.0,13,4.89,1.82,filesystem
53.5,52.83,9.21,79.04,96.44,74.84,14,4.12,2.27,process
56.52,98.78,93.42,94.66,36.02,77.08,11,4.82,0.63,disk
72.34,67.15,56.91,20.38,74.82,70.18,12,3.95,2.9,security
71.06,91.98,79.51,59.59,79.06,22.71,8,1.84,1.54,service
77.91,67.35,37.65,96.13,75.12,66.39,12,1.26,1.69,process
97.65,64.09,69.1,54.58,55.61,30.44,15,5.28,2.29,service
75.6,76.35,24.66,58.54,59.88,65.94,11,2.47,0.79,process
55.3,61.65,97.52,38.54,54.89,50.75,5,7.97,0.95,security
20.14,65.59,75.31,71.98,55.28,82.04,6,5.34,2.13,filesystem
56.32,98.68,61.53,32.05,66.95,57.15,14,3.16,2.15,security
69.47,97.59,16.19,93.4,94.06,67.51,4,6.07,1.28,process
78.75,60.34,22.66,65.61,71.37,82.26,12,2.63,1.51,process
65.59,81.89,50.47,51.65,34.82,84.2,7,5.82,2.48,disk
82.41,7.15,90.69,97.03,82.44,97.73,5,4.34,2.0,network
52.46,51.55,77.71,31.67,76.87,92.04,4,3.57,1.09,security
71.38,79.8,8.14,66.87,54.49,98.08,13,4.22,1.06,process
61.87,22.93,55.21,69.23,74.38,82.61,15,5.2,2.36,network
13.46,54.66,94.86,95.02,81.66,66.95,8,6.08,2.74,filesystem
77.19,93.84,77.18,61.91,92.55,24.5,6,5.36,1.39,service
60.89,28.16,81.69,79.67,50.81,86.44,7,5.66,1.89,network
71.61,76.94,72.31,78.24,21.47,52.4,14,4.11,1.97,disk
73.13,39.33,74.17,93.18,79.44,68.77,7,2.42,2.4,network
77.14,76.48,67.39,23.22,82.77,70.92,12,7.03,0.89,security
59.6,95.22,59.91,51.29,5.71,81.12,11,3.18,1.3,disk
85.26,20.93,83.39,91.87,58.49,50.96,13,5.27,2.25,network
52.35,83.43,93.14,10.7,90.62,92.67,14,2.86,2.76,security
66.92,82.9,85.89,77.9,52.83,10.95,7,2.98,2.18,service
50.77,25.4,62.66,72.51,97.88,69.95,14,2.32,2.18,network
52.42,60.51,78.29,26.54,51.98,70.15,11,5.89,2.1,security
88.74,97.34,55.02,57.78,98.0,6.32,15,1.03,2.68,service
26.59,99.06,81.59,62.99,81.7,77.0,13,1.75,2.4,filesystem
93.45,78.42,71.98,7.35,73.23,91.04,11,6.83,1.74,security
75.6,65.98,58.38,63.14,6.25,85.22,9,1.66,0.93,disk
69.29,88.96,86.24,52.98,79.08,9.56,15,6.68,0.77,service
17.1,59.08,95.42,79.17,70.04,73.1,15,2.07,1.97,filesystem
69.64,67.83,91.64,52.22,65.42,28.78,10,4.05,1.85,service
69.03,10.71,89.31,86.72,69.22,51.26,14,1.08,2.26,network
60.81,88.57,51.01,83.54,21.42,67.34,14,6.98,0.56,disk
80.96,11.53,51.28,64.23,72.15,80.86,14,2.37,0.81,network
13.11,97.14,82.48,80.39,75.63,61.53,6,2.54,0.97,filesystem
50.46,73.03,74.42,51.13,29.04,64.7,10,3.11,0.92,disk
74.07,53.93,78.03,66.6,10.42,92.45,10,7.53,2.52,disk
75.94,57.0,75.66,62.12,11.45,53.24,13,3.99,2.07,disk
67.62,70.15,50.83,90.74,67.96,25.31,4,2.22,2.72,service
80.19,58.2,86.8,15.54,73.17,79.97,6,6.19,1.26,security
59.12,80.67,70.6,82.69,99.75,37.82,4,7.2,0.67,service
51.97,50.72,55.96,82.45,24.85,77.67,4,4.29,2.81,disk
